-- phpMyAdmin SQL Dump
-- version 4.7.0
-- https://www.phpmyadmin.net/
--
-- Хост: 127.0.0.1
-- Время создания: Фев 16 2018 г., 18:57
-- Версия сервера: 10.1.25-MariaDB
-- Версия PHP: 7.1.7

SET SQL_MODE = "NO_AUTO_VALUE_ON_ZERO";
SET AUTOCOMMIT = 0;
START TRANSACTION;
SET time_zone = "+00:00";


/*!40101 SET @OLD_CHARACTER_SET_CLIENT=@@CHARACTER_SET_CLIENT */;
/*!40101 SET @OLD_CHARACTER_SET_RESULTS=@@CHARACTER_SET_RESULTS */;
/*!40101 SET @OLD_COLLATION_CONNECTION=@@COLLATION_CONNECTION */;
/*!40101 SET NAMES utf8mb4 */;

--
-- База данных: `news_site`
--

-- --------------------------------------------------------

--
-- Структура таблицы `ad`
--

CREATE TABLE `ad` (
  `id` int(10) UNSIGNED NOT NULL,
  `side` char(5) NOT NULL,
  `title` varchar(100) NOT NULL,
  `price` char(10) DEFAULT NULL,
  `content` text
) ENGINE=InnoDB DEFAULT CHARSET=utf8;

--
-- Дамп данных таблицы `ad`
--

INSERT INTO `ad` (`id`, `side`, `title`, `price`, `content`) VALUES
(1, 'left', 'Акция!!!', '10 грн.', 'Вещи со скидкой! Выгодное предложение.'),
(2, 'right', 'Рекламное предложение.', '10 грн.', 'Вещи со скидкой! Выгодное предложение.'),
(3, 'left', 'Техника.', '500 грн.', 'Дешевая техника - только у нас!'),
(4, 'left', 'Колёса.', '300 грн.', 'Дешевле вы точно не найдете.'),
(6, 'right', 'Duis dignissim ipsum turpis. ', '605 грн.', 'Nunc sit amet consectetur massa, et auctor justo. '),
(7, 'left', 'Morbi rhoncus fermentum nulla ut feugiat.', '20 грн.', 'Duis dignissim ipsum turpis. Nunc sit amet consectetur massa, et auctor justo. '),
(8, 'right', 'Orem ipsum dolor sit amet', '5 грн.', 'Folor sit amet!'),
(9, 'right', 'Duis nec lobortis sem, at gravida purus.', '1000 грн.', 'Sed eget velit eu risus gravida tempor. ');

-- --------------------------------------------------------

--
-- Структура таблицы `answers`
--

CREATE TABLE `answers` (
  `id` int(10) UNSIGNED NOT NULL,
  `id_user` int(10) UNSIGNED NOT NULL,
  `id_comments` int(10) UNSIGNED NOT NULL,
  `date` datetime NOT NULL,
  `messages` text
) ENGINE=InnoDB DEFAULT CHARSET=utf8;

--
-- Дамп данных таблицы `answers`
--

INSERT INTO `answers` (`id`, `id_user`, `id_comments`, `date`, `messages`) VALUES
(21, 4, 118, '2018-02-16 18:19:47', 'Maecenas consectetur, leo in porta placerat, ex ex pretium purus, ac venenatis risus nunc ac magna. Nam in lorem nunc. Donec iaculis neque id lacus?'),
(22, 4, 115, '2018-02-16 18:20:16', 'Nam in lorem nunc. Donec iaculis neque...'),
(23, 4, 120, '2018-02-16 18:21:07', 'Malesuada non ex eu, viverra lobortis urn?'),
(24, 6, 126, '2018-02-16 18:23:10', 'Ut auctor ex non aliquam lacinia. Sed a erat quis ligula ultrices bibendum. Nulla pharetra euismod bibendum. Nullam odio mi, efficitur at leo nec.'),
(25, 2, 113, '2018-02-16 18:23:49', 'Ut auctor ex non aliquam lacinia. Sed a erat quis ligula ultrices bibendum. Nulla pharetra euismod bibendum. Nullam odio??'),
(26, 2, 118, '2018-02-16 18:25:06', ' Donec iaculis neque id lacus ultrices, cursus luctus est congue. In hac habitasse platea dictumst. '),
(27, 2, 118, '2018-02-16 18:25:30', 'Aplatea dictumst. '),
(28, 3, 113, '2018-02-16 18:27:00', 'Ymi eget efficitur egestas. '),
(29, 3, 134, '2018-02-16 18:28:00', 'Umalesuada non ex eu, viverra lobortis urna. Mauris et porta leo, mollis aliquam orci. Nulla a ex quam. '),
(30, 3, 116, '2018-02-16 18:28:55', 'Jipsum consectetur semper. Curabitur efficitur dolor id nisi consequat, aliquet hendrerit ex finibus.'),
(31, 3, 118, '2018-02-16 18:29:14', 'Osectetur semper. Curabitur efficitur dolor id nisi consequat, aliquet hendrerit ex finibus.'),
(32, 3, 120, '2018-02-16 18:30:02', 'Duis dignissim ipsum turpis. Nunc sit amet consectetur massa, et auctor justo. Morbi rhoncus fermentum nulla ut feugiat.'),
(33, 1, 121, '2018-02-16 18:35:59', 'Mauris vitae porttitor nibh. ');

-- --------------------------------------------------------

--
-- Структура таблицы `category`
--

CREATE TABLE `category` (
  `id` tinyint(3) UNSIGNED NOT NULL,
  `title` varchar(100) NOT NULL,
  `moderation` tinyint(1) DEFAULT '0'
) ENGINE=InnoDB DEFAULT CHARSET=utf8;

--
-- Дамп данных таблицы `category`
--

INSERT INTO `category` (`id`, `title`, `moderation`) VALUES
(1, 'Tourism', 0),
(2, 'Politics', 1),
(3, 'World', 0),
(4, 'Science and IT', 0),
(5, 'Auto', 0),
(6, 'Sports', 0),
(7, 'Finance', 0),
(8, 'Analytics', 0);

-- --------------------------------------------------------

--
-- Структура таблицы `comments`
--

CREATE TABLE `comments` (
  `id` int(10) UNSIGNED NOT NULL,
  `id_user` int(10) UNSIGNED NOT NULL,
  `id_news` int(10) UNSIGNED NOT NULL,
  `date` datetime NOT NULL,
  `messages` text,
  `rating` int(100) DEFAULT '0',
  `active` tinyint(1) NOT NULL
) ENGINE=InnoDB DEFAULT CHARSET=utf8;

--
-- Дамп данных таблицы `comments`
--

INSERT INTO `comments` (`id`, `id_user`, `id_news`, `date`, `messages`, `rating`, `active`) VALUES
(113, 1, 50, '2018-02-16 16:47:25', 'Maecenas semper feugiat nisl, sed venenatis nisi volutpat vel. Morbi ac nisl felis. Donec gravida mi eget efficitur egestas. ', 2, 1),
(114, 1, 42, '2018-02-16 16:49:27', 'Sed venenatis imperdiet eros, in consectetur magna tempus sed. Phasellus pretium maximus dictum.', 0, 1),
(115, 1, 115, '2018-02-16 17:34:03', 'Donec iaculis neque id lacus ultrices, cursus luctus est congue. In hac habitasse platea dictumst. ', -2, 1),
(116, 1, 40, '2018-02-16 18:04:36', 'Donec tempus odio eget ipsum consectetur semper. Curabitur efficitur dolor id nisi consequat, aliquet hendrerit ex finibus. Nulla interdum elit vitae tortor lobortis pellentesque. ', 4, 1),
(117, 1, 126, '2018-02-16 18:04:59', 'Donec tempus odio eget ipsum consectetur semper. Curabitur efficitur dolor id nisi consequat, aliquet hendrerit ex finibus. Nulla interdum elit vitae tortor lobortis pellentesque. ', 0, 1),
(118, 4, 40, '2018-02-16 18:19:36', 'Maecenas consectetur, leo in porta placerat, ex ex pretium purus, ac venenatis risus nunc ac magna. Nam in lorem nunc. Donec iaculis neque id lacus ultrices, cursus luctus est congue. In hac habitasse platea dictumst. ', -1, 1),
(119, 4, 74, '2018-02-16 18:20:38', 'Nulla pulvinar dolor id molestie efficitur. Phasellus sed libero nec risus faucibus dignissim nec nec ex!!!', 0, 1),
(120, 4, 98, '2018-02-16 18:20:51', 'Phasellus a finibus dolor. Sed ultricies massa nunc, dictum pellentesque ligula posuere nec. Sed dui turpis, malesuada non ex eu, viverra lobortis urna. Mauris et porta leo, mollis aliquam orci. Nulla a ex quam. ', 1, 1),
(121, 6, 45, '2018-02-16 18:21:51', 'Quisque congue non est non porta. Nulla lacinia scelerisque augue, at egestas ex tempor fringilla.', 1, 1),
(122, 6, 121, '2018-02-16 18:22:00', 'Quisque congue non est non porta. Nulla lacinia scelerisque augue, at egestas ex tempor fringilla.', 0, 1),
(123, 6, 46, '2018-02-16 18:22:16', 'Fmi, a finibus sem lobortis non. Mauris vitae porttitor nibh. ', 0, 0),
(124, 6, 46, '2018-02-16 18:22:32', 'Maecenas sit amet erat dictum, rutrum nisi et, euismod dui. Suspendisse fringilla non odio sed tristique. ', 0, 0),
(125, 6, 85, '2018-02-16 18:22:48', 'Sed at lacus dui. Praesent elementum purus in mollis varius. Duis vel vulputate mi. Sed a dolor id massa accumsan vestibulum eu quis erat. Suspendisse ultricies tortor lorem, eget dictum dui ullamcorper nec.', 0, 1),
(126, 6, 127, '2018-02-16 18:23:00', 'Ut auctor ex non aliquam lacinia. Sed a erat quis ligula ultrices bibendum. Nulla pharetra euismod bibendum. Nullam odio mi, efficitur at leo nec, ultricies malesuada sem. Duis et efficitur nunc. ', 0, 1),
(127, 2, 45, '2018-02-16 18:24:00', 'Ut auctor ex non aliquam lacinia. Sed a erat quis ligula ultrices bibendum. Nulla pharetra euismod bibendum. Nullam odio mi, efficitur at leo nec, ultricies malesuada sem. Duis et efficitur nunc?', 0, 0),
(128, 2, 111, '2018-02-16 18:24:15', ' Nunc odio tellus, luctus ac efficitur in, porttitor et ex. Duis nec lobortis sem, at gravida purus. Lorem ipsum dolor sit amet, consectetur adipiscing elit. Mauris nec vehicula lectus. ', 1, 1),
(129, 2, 88, '2018-02-16 18:24:29', ' Nunc odio tellus, luctus ac efficitur in, porttitor et ex. Duis nec lobortis sem, at gravida purus. Lorem ipsum dolor sit amet, consectetur adipiscing elit. Mauris nec vehicula lectus. ', 0, 1),
(130, 2, 128, '2018-02-16 18:24:43', 'Sed vel viverra nunc. Pellentesque id sem erat. Suspendisse auctor nibh nec tortor malesuada, ut laoreet nisi lobortis. Aliquam maximus fringilla nunc sit amet ornare. Mauris vehicula quam consequat nibh luctus varius.', 1, 1),
(131, 2, 40, '2018-02-16 18:25:12', ' Donec iaculis neque id lacus ultrices, cursus luctus est congue. In hac habitasse platea dictumst. ', -3, 1),
(132, 3, 50, '2018-02-16 18:27:16', 'Maecenas semper feugiat nisl, sed venenatis nisi volutpat vel. Morbi ac nisl felis. Donec gravida mi eget efficitur egestas. ', 0, 1),
(133, 3, 125, '2018-02-16 18:27:38', 'Aliquam vel ex posuere, sollicitudin nisl dignissim, egestas ex.', 0, 1),
(134, 3, 112, '2018-02-16 18:27:51', 'Praesent sit amet feugiat sapien, sit amet rhoncus mauris. Nam tristique cursus massa nec molestie.', 1, 1),
(135, 3, 87, '2018-02-16 18:28:16', 'Sed eget velit eu risus gravida tempor. Quisque eu tincidunt nisl. Ut eu ultricies nisi. Donec consectetur purus in metus lobortis consequat. Morbi quis rhoncus dolor, eu sagittis nunc. Duis dignissim ipsum turpis. ', -1, 1),
(136, 3, 40, '2018-02-16 18:28:36', 'Aenean porta est risus, ac sagittis arcu dapibus in. Pellentesque sed auctor sem. Cras ut nunc vel lacus faucibus accumsan. ', 1, 1),
(137, 3, 44, '2018-02-16 18:29:32', 'Donec maximus vestibulum dignissim. ', 0, 0),
(138, 3, 86, '2018-02-16 18:29:43', 'Donec maximus vestibulum dignissim. ', 0, 1),
(139, 3, 98, '2018-02-16 18:29:56', 'Duis dignissim ipsum turpis. Nunc sit amet consectetur massa, et auctor justo. Morbi rhoncus fermentum nulla ut feugiat.', 0, 1),
(140, 1, 40, '2018-02-16 18:39:21', 'Sed venenatis imperdiet eros, in consectetur magna tempus sed. Phasellus pretium maximus dictum.', 0, 1),
(141, 1, 129, '2018-02-16 18:41:29', 'Donec consectetur purus in metus lobortis consequat. Morbi quis rhoncus dolor, eu sagittis nunc.', 0, 1);

-- --------------------------------------------------------

--
-- Структура таблицы `feedback`
--

CREATE TABLE `feedback` (
  `id` tinyint(3) UNSIGNED NOT NULL,
  `name` varchar(100) NOT NULL,
  `email` varchar(100) NOT NULL,
  `messages` text,
  `time` datetime NOT NULL,
  `id_user` smallint(5) UNSIGNED DEFAULT NULL
) ENGINE=InnoDB DEFAULT CHARSET=utf8;

--
-- Дамп данных таблицы `feedback`
--

INSERT INTO `feedback` (`id`, `name`, `email`, `messages`, `time`, `id_user`) VALUES
(20, 'Kostya', 'kostya@mail.com', 'Lorem ipsum dolor sit amet, consectetur adipiscing elit. Mauris nec vehicula lectus. Nulla pulvinar dolor id molestie efficitur. Phasellus sed libero nec risus faucibus dignissim nec nec ex. Praesent sit amet feugiat sapien, sit amet rhoncus mauris. Nam tristique cursus massa nec molestie. Sed et hendrerit dui, et sagittis magna. Phasellus ut turpis sem. Mauris ipsum ligula, viverra non venenatis at, tempus id enim. Ut laoreet elit vitae ipsum varius volutpat. Vestibulum semper euismod bibendum. Pellentesque habitant morbi tristique senectus et netus et malesuada fames ac turpis egestas. Ut volutpat dapibus interdum. Praesent mattis accumsan vestibulum. ', '2018-02-16 16:48:56', 1),
(21, 'Kostya', 'kostya@mail.com', 'Sed at lacus dui. Praesent elementum purus in mollis varius. Duis vel vulputate mi. Sed a dolor id massa accumsan vestibulum eu quis erat. Suspendisse ultricies tortor lorem, eget dictum dui ullamcorper nec. Sed eget velit eu risus gravida tempor. Quisque eu tincidunt nisl. Ut eu ultricies nisi. Donec consectetur purus in metus lobortis consequat. Morbi quis rhoncus dolor, eu sagittis nunc. Duis dignissim ipsum turpis. Nunc sit amet consectetur massa, et auctor justo. Morbi rhoncus fermentum nulla ut feugiat. Nunc odio tellus, luctus ac efficitur in, porttitor et ex. Duis nec lobortis sem, at gravida purus. ', '2018-02-16 16:49:28', 1),
(22, 'Vlad', 'vlad@mail.com', 'Duis dignissim ipsum turpis. Nunc sit amet consectetur massa, et auctor justo. Morbi rhoncus fermentum nulla ut feugiat.', '2018-02-16 19:30:46', 3),
(23, 'Vasya', 'vasya@mail.com', 'Duis dignissim ipsum turpis. Nunc sit amet consectetur massa, et auctor justo. Morbi rhoncus fermentum nulla ut feugiat.', '2018-02-16 19:31:13', NULL);

-- --------------------------------------------------------

--
-- Структура таблицы `news`
--

CREATE TABLE `news` (
  `id` int(10) UNSIGNED NOT NULL,
  `id_category` tinyint(3) UNSIGNED NOT NULL,
  `date` datetime NOT NULL,
  `title` varchar(100) NOT NULL,
  `content` text,
  `img_dir` varchar(50) DEFAULT NULL,
  `views` int(100) UNSIGNED DEFAULT '0',
  `analytics` tinyint(1) DEFAULT '0'
) ENGINE=InnoDB DEFAULT CHARSET=utf8;

--
-- Дамп данных таблицы `news`
--

INSERT INTO `news` (`id`, `id_category`, `date`, `title`, `content`, `img_dir`, `views`, `analytics`) VALUES
(1, 1, '2018-02-16 01:41:05', 'Lorem ipsum dolor sit amet.', ' Lorem ipsum dolor sit amet, consectetur adipiscing elit. Phasellus hendrerit lobortis velit, molestie feugiat nibh aliquet at. In sed sagittis justo, tempus lobortis dolor. Sed sem diam, ornare nec nisi eget, tincidunt condimentum tellus. Sed leo est, mattis nec bibendum nec, commodo ut tellus. Fusce vel venenatis orci. Sed velit nunc, convallis sed lectus eget, porta porta velit. Vivamus nibh quam, molestie ut sem a, lobortis commodo justo. Vestibulum consectetur sem in mi malesuada bibendum. Class aptent taciti sociosqu ad litora torquent per conubia nostra, per inceptos himenaeos. Aliquam eget nulla orci. Interdum et malesuada fames ac ante ipsum primis in faucibus. Pellentesque dapibus rhoncus enim, vel placerat urna. Mauris vulputate elit et rutrum pellentesque. Duis tempus elit erat, quis pellentesque est blandit a.\r\n\r\nMorbi tincidunt neque at diam tincidunt, id vehicula ex tempor. Nullam lobortis nisi risus, vitae faucibus nibh molestie nec. Nam pharetra vehicula massa, in lacinia velit varius non. Cras at lacus mattis, pulvinar enim sit amet, porta tellus. Donec finibus fermentum iaculis. Praesent sit amet sollicitudin tellus. Nam bibendum imperdiet pharetra. Phasellus dapibus congue cursus. Aliquam sed magna venenatis, elementum odio volutpat, ultrices eros.\r\n\r\nNulla vel tellus vitae risus finibus semper. Phasellus in sem porttitor, pulvinar metus ac, malesuada ipsum. Aliquam a euismod nisl. Nam sed risus at lectus scelerisque blandit id eget felis. Integer dignissim, orci non fringilla finibus, dolor diam venenatis nunc, eget dictum nisi turpis ac orci. Suspendisse in tincidunt felis, ac condimentum massa. Praesent vehicula euismod elit. Suspendisse nisi ante, placerat at enim et, fermentum tempor quam. ', NULL, 72, 1),
(2, 1, '2018-02-16 01:36:35', 'Class aptent taciti sociosqu ad litora.', ' Lorem ipsum dolor sit amet, consectetur adipiscing elit. Phasellus hendrerit lobortis velit, molestie feugiat nibh aliquet at. In sed sagittis justo, tempus lobortis dolor. Sed sem diam, ornare nec nisi eget, tincidunt condimentum tellus. Sed leo est, mattis nec bibendum nec, commodo ut tellus. Fusce vel venenatis orci. Sed velit nunc, convallis sed lectus eget, porta porta velit. Vivamus nibh quam, molestie ut sem a, lobortis commodo justo. Vestibulum consectetur sem in mi malesuada bibendum. Class aptent taciti sociosqu ad litora torquent per conubia nostra, per inceptos himenaeos. Aliquam eget nulla orci. Interdum et malesuada fames ac ante ipsum primis in faucibus. Pellentesque dapibus rhoncus enim, vel placerat urna. Mauris vulputate elit et rutrum pellentesque. Duis tempus elit erat, quis pellentesque est blandit a.\r\n\r\nMorbi tincidunt neque at diam tincidunt, id vehicula ex tempor. Nullam lobortis nisi risus, vitae faucibus nibh molestie nec. Nam pharetra vehicula massa, in lacinia velit varius non. Cras at lacus mattis, pulvinar enim sit amet, porta tellus. Donec finibus fermentum iaculis. Praesent sit amet sollicitudin tellus. Nam bibendum imperdiet pharetra. Phasellus dapibus congue cursus. Aliquam sed magna venenatis, elementum odio volutpat, ultrices eros.\r\n\r\nNulla vel tellus vitae risus finibus semper. Phasellus in sem porttitor, pulvinar metus ac, malesuada ipsum. Aliquam a euismod nisl. Nam sed risus at lectus scelerisque blandit id eget felis. Integer dignissim, orci non fringilla finibus, dolor diam venenatis nunc, eget dictum nisi turpis ac orci. Suspendisse in tincidunt felis, ac condimentum massa. Praesent vehicula euismod elit. Suspendisse nisi ante, placerat at enim et, fermentum tempor quam. ', NULL, 19, 0),
(3, 1, '2018-02-03 20:23:25', 'Nulla vel tellus vitae risus finibus semper.', ' In in nisi imperdiet, efficitur arcu a, sollicitudin sem. Proin lacus risus, egestas vel faucibus iaculis, fringilla eu magna. Orci varius natoque penatibus et magnis dis parturient montes, nascetur ridiculus mus. Curabitur mattis dolor at egestas hendrerit. Sed quis turpis lacinia, rutrum ipsum sed, gravida nibh. Sed leo dui, dignissim non euismod quis, auctor ut lectus. Nam vitae ligula vitae sapien interdum commodo. Proin commodo, justo ut eleifend bibendum, metus mauris scelerisque odio, laoreet tempor eros augue quis mauris. Aliquam tristique pellentesque nunc, sed cursus nulla semper vel. Suspendisse efficitur ligula vitae suscipit sollicitudin. Nullam justo justo, bibendum quis massa at, dapibus aliquet massa. Sed nec sodales lacus, vitae pellentesque ante. Aenean vehicula, lacus vitae viverra luctus, arcu neque scelerisque diam, sagittis imperdiet nisi lorem nec lorem.\r\n\r\nMorbi vestibulum leo vitae erat volutpat molestie. Donec nec lacus quis erat lobortis ultricies sit amet ac lacus. Pellentesque posuere varius tempor. Nam neque nibh, faucibus sed tortor eu, scelerisque ultrices ipsum. Donec a lectus in magna lacinia gravida. Donec tincidunt, nulla id porttitor lobortis, risus massa porttitor mauris, ut pulvinar ipsum justo nec nunc. In feugiat efficitur viverra. Sed nec libero magna. Praesent a ante eget mi placerat auctor. Donec eleifend sapien in erat dictum tincidunt. Nullam luctus sem nec porttitor porta. Vivamus eleifend nisi ut imperdiet malesuada. Donec velit urna, gravida ut dictum a, suscipit id est. ', NULL, NULL, 0),
(4, 1, '2018-02-03 20:23:37', 'Sed leo dui, dignissim non euismod quis, auctor ut lectus.', ' In in nisi imperdiet, efficitur arcu a, sollicitudin sem. Proin lacus risus, egestas vel faucibus iaculis, fringilla eu magna. Orci varius natoque penatibus et magnis dis parturient montes, nascetur ridiculus mus. Curabitur mattis dolor at egestas hendrerit. Sed quis turpis lacinia, rutrum ipsum sed, gravida nibh. Sed leo dui, dignissim non euismod quis, auctor ut lectus. Nam vitae ligula vitae sapien interdum commodo. Proin commodo, justo ut eleifend bibendum, metus mauris scelerisque odio, laoreet tempor eros augue quis mauris. Aliquam tristique pellentesque nunc, sed cursus nulla semper vel. Suspendisse efficitur ligula vitae suscipit sollicitudin. Nullam justo justo, bibendum quis massa at, dapibus aliquet massa. Sed nec sodales lacus, vitae pellentesque ante. Aenean vehicula, lacus vitae viverra luctus, arcu neque scelerisque diam, sagittis imperdiet nisi lorem nec lorem.\r\n\r\nMorbi vestibulum leo vitae erat volutpat molestie. Donec nec lacus quis erat lobortis ultricies sit amet ac lacus. Pellentesque posuere varius tempor. Nam neque nibh, faucibus sed tortor eu, scelerisque ultrices ipsum. Donec a lectus in magna lacinia gravida. Donec tincidunt, nulla id porttitor lobortis, risus massa porttitor mauris, ut pulvinar ipsum justo nec nunc. In feugiat efficitur viverra. Sed nec libero magna. Praesent a ante eget mi placerat auctor. Donec eleifend sapien in erat dictum tincidunt. Nullam luctus sem nec porttitor porta. Vivamus eleifend nisi ut imperdiet malesuada. Donec velit urna, gravida ut dictum a, suscipit id est. ', NULL, NULL, 0),
(5, 1, '2018-02-03 20:23:16', 'Aliquam eget nulla orci. Interdum et malesuada.', ' In in nisi imperdiet, efficitur arcu a, sollicitudin sem. Proin lacus risus, egestas vel faucibus iaculis, fringilla eu magna. Orci varius natoque penatibus et magnis dis parturient montes, nascetur ridiculus mus. Curabitur mattis dolor at egestas hendrerit. Sed quis turpis lacinia, rutrum ipsum sed, gravida nibh. Sed leo dui, dignissim non euismod quis, auctor ut lectus. Nam vitae ligula vitae sapien interdum commodo. Proin commodo, justo ut eleifend bibendum, metus mauris scelerisque odio, laoreet tempor eros augue quis mauris. Aliquam tristique pellentesque nunc, sed cursus nulla semper vel. Suspendisse efficitur ligula vitae suscipit sollicitudin. Nullam justo justo, bibendum quis massa at, dapibus aliquet massa. Sed nec sodales lacus, vitae pellentesque ante. Aenean vehicula, lacus vitae viverra luctus, arcu neque scelerisque diam, sagittis imperdiet nisi lorem nec lorem.\r\n\r\nMorbi vestibulum leo vitae erat volutpat molestie. Donec nec lacus quis erat lobortis ultricies sit amet ac lacus. Pellentesque posuere varius tempor. Nam neque nibh, faucibus sed tortor eu, scelerisque ultrices ipsum. Donec a lectus in magna lacinia gravida. Donec tincidunt, nulla id porttitor lobortis, risus massa porttitor mauris, ut pulvinar ipsum justo nec nunc. In feugiat efficitur viverra. Sed nec libero magna. Praesent a ante eget mi placerat auctor. Donec eleifend sapien in erat dictum tincidunt. Nullam luctus sem nec porttitor porta. Vivamus eleifend nisi ut imperdiet malesuada. Donec velit urna, gravida ut dictum a, suscipit id est. ', NULL, NULL, 0),
(6, 1, '2018-02-13 15:48:11', 'Suspendisse nisi ante, placerat at enim et.', ' In in nisi imperdiet, efficitur arcu a, sollicitudin sem. Proin lacus risus, egestas vel faucibus iaculis, fringilla eu magna. Orci varius natoque penatibus et magnis dis parturient montes, nascetur ridiculus mus. Curabitur mattis dolor at egestas hendrerit. Sed quis turpis lacinia, rutrum ipsum sed, gravida nibh. Sed leo dui, dignissim non euismod quis, auctor ut lectus. Nam vitae ligula vitae sapien interdum commodo. Proin commodo, justo ut eleifend bibendum, metus mauris scelerisque odio, laoreet tempor eros augue quis mauris. Aliquam tristique pellentesque nunc, sed cursus nulla semper vel. Suspendisse efficitur ligula vitae suscipit sollicitudin. Nullam justo justo, bibendum quis massa at, dapibus aliquet massa. Sed nec sodales lacus, vitae pellentesque ante. Aenean vehicula, lacus vitae viverra luctus, arcu neque scelerisque diam, sagittis imperdiet nisi lorem nec lorem.\r\n\r\nMorbi vestibulum leo vitae erat volutpat molestie. Donec nec lacus quis erat lobortis ultricies sit amet ac lacus. Pellentesque posuere varius tempor. Nam neque nibh, faucibus sed tortor eu, scelerisque ultrices ipsum. Donec a lectus in magna lacinia gravida. Donec tincidunt, nulla id porttitor lobortis, risus massa porttitor mauris, ut pulvinar ipsum justo nec nunc. In feugiat efficitur viverra. Sed nec libero magna. Praesent a ante eget mi placerat auctor. Donec eleifend sapien in erat dictum tincidunt. Nullam luctus sem nec porttitor porta. Vivamus eleifend nisi ut imperdiet malesuada. Donec velit urna, gravida ut dictum a, suscipit id est. ', '1518529691', NULL, 0),
(7, 1, '2018-02-03 20:24:24', 'Donec nec lacus quis erat lobortis ultricies sit amet ac lacus.', ' In in nisi imperdiet, efficitur arcu a, sollicitudin sem. Proin lacus risus, egestas vel faucibus iaculis, fringilla eu magna. Orci varius natoque penatibus et magnis dis parturient montes, nascetur ridiculus mus. Curabitur mattis dolor at egestas hendrerit. Sed quis turpis lacinia, rutrum ipsum sed, gravida nibh. Sed leo dui, dignissim non euismod quis, auctor ut lectus. Nam vitae ligula vitae sapien interdum commodo. Proin commodo, justo ut eleifend bibendum, metus mauris scelerisque odio, laoreet tempor eros augue quis mauris. Aliquam tristique pellentesque nunc, sed cursus nulla semper vel. Suspendisse efficitur ligula vitae suscipit sollicitudin. Nullam justo justo, bibendum quis massa at, dapibus aliquet massa. Sed nec sodales lacus, vitae pellentesque ante. Aenean vehicula, lacus vitae viverra luctus, arcu neque scelerisque diam, sagittis imperdiet nisi lorem nec lorem.\r\n\r\nMorbi vestibulum leo vitae erat volutpat molestie. Donec nec lacus quis erat lobortis ultricies sit amet ac lacus. Pellentesque posuere varius tempor. Nam neque nibh, faucibus sed tortor eu, scelerisque ultrices ipsum. Donec a lectus in magna lacinia gravida. Donec tincidunt, nulla id porttitor lobortis, risus massa porttitor mauris, ut pulvinar ipsum justo nec nunc. In feugiat efficitur viverra. Sed nec libero magna. Praesent a ante eget mi placerat auctor. Donec eleifend sapien in erat dictum tincidunt. Nullam luctus sem nec porttitor porta. Vivamus eleifend nisi ut imperdiet malesuada. Donec velit urna, gravida ut dictum a, suscipit id est. ', NULL, NULL, 0),
(8, 1, '2018-02-04 18:27:40', 'Quisque tincidunt laoreet semper.', ' Aenean porta est risus, ac sagittis arcu dapibus in. Pellentesque sed auctor sem. Cras ut nunc vel lacus faucibus accumsan. Nulla commodo gravida ex vel blandit. Nulla facilisi. Integer urna neque, gravida in faucibus a, venenatis sit amet lacus. Praesent scelerisque mauris et nunc maximus, sed pellentesque elit accumsan. Nulla purus quam, accumsan ut risus laoreet, sagittis posuere neque. Vivamus at risus viverra, pellentesque diam eget, semper nibh. Aenean auctor posuere tortor, et aliquam ante finibus et. Phasellus id est mauris. Sed mollis malesuada lectus, et maximus neque consectetur et.\r\n\r\nEtiam egestas, turpis in rutrum pellentesque, erat leo tristique elit, ac venenatis erat nunc at metus. Sed quis odio sit amet lorem vehicula semper. Duis lacus magna, facilisis vel quam ut, commodo cursus dolor. Etiam massa sapien, porttitor at varius ut, dapibus sed nisl. Pellentesque vel consequat ligula. Quisque congue lectus non nisl mollis, sed interdum diam egestas. Morbi vitae leo pretium risus vehicula tincidunt. In nec felis at justo malesuada accumsan sit amet ac ex. Donec tempus odio eget ipsum consectetur semper. Curabitur efficitur dolor id nisi consequat, aliquet hendrerit ex finibus. Nulla interdum elit vitae tortor lobortis pellentesque. Nullam rutrum ullamcorper ex et venenatis. Maecenas ut lorem id lorem facilisis venenatis. Morbi non augue ut velit hendrerit feugiat.\r\n\r\nQuisque tincidunt laoreet semper. Sed venenatis imperdiet eros, in consectetur magna tempus sed. Phasellus pretium maximus dictum. Donec pharetra nisi mollis mi malesuada, at fringilla turpis pellentesque. Cras malesuada, est eget eleifend auctor, turpis elit pulvinar erat, sit amet bibendum enim lectus ut nisl. In egestas finibus pellentesque. Nam rutrum odio nibh, id auctor sem vulputate quis. ', NULL, NULL, 0),
(9, 1, '2018-02-04 18:30:32', 'Quisque tincidunt laoreet semper.', ' Aenean porta est risus, ac sagittis arcu dapibus in. Pellentesque sed auctor sem. Cras ut nunc vel lacus faucibus accumsan. Nulla commodo gravida ex vel blandit. Nulla facilisi. Integer urna neque, gravida in faucibus a, venenatis sit amet lacus. Praesent scelerisque mauris et nunc maximus, sed pellentesque elit accumsan. Nulla purus quam, accumsan ut risus laoreet, sagittis posuere neque. Vivamus at risus viverra, pellentesque diam eget, semper nibh. Aenean auctor posuere tortor, et aliquam ante finibus et. Phasellus id est mauris. Sed mollis malesuada lectus, et maximus neque consectetur et.\r\n\r\nEtiam egestas, turpis in rutrum pellentesque, erat leo tristique elit, ac venenatis erat nunc at metus. Sed quis odio sit amet lorem vehicula semper. Duis lacus magna, facilisis vel quam ut, commodo cursus dolor. Etiam massa sapien, porttitor at varius ut, dapibus sed nisl. Pellentesque vel consequat ligula. Quisque congue lectus non nisl mollis, sed interdum diam egestas. Morbi vitae leo pretium risus vehicula tincidunt. In nec felis at justo malesuada accumsan sit amet ac ex. Donec tempus odio eget ipsum consectetur semper. Curabitur efficitur dolor id nisi consequat, aliquet hendrerit ex finibus. Nulla interdum elit vitae tortor lobortis pellentesque. Nullam rutrum ullamcorper ex et venenatis. Maecenas ut lorem id lorem facilisis venenatis. Morbi non augue ut velit hendrerit feugiat.\r\n\r\nQuisque tincidunt laoreet semper. Sed venenatis imperdiet eros, in consectetur magna tempus sed. Phasellus pretium maximus dictum. Donec pharetra nisi mollis mi malesuada, at fringilla turpis pellentesque. Cras malesuada, est eget eleifend auctor, turpis elit pulvinar erat, sit amet bibendum enim lectus ut nisl. In egestas finibus pellentesque. Nam rutrum odio nibh, id auctor sem vulputate quis. ', NULL, NULL, 0),
(10, 1, '2018-02-04 18:30:50', 'Aenean porta est risus, ac sagittis arcu dapibus in.', ' Aenean porta est risus, ac sagittis arcu dapibus in. Pellentesque sed auctor sem. Cras ut nunc vel lacus faucibus accumsan. Nulla commodo gravida ex vel blandit. Nulla facilisi. Integer urna neque, gravida in faucibus a, venenatis sit amet lacus. Praesent scelerisque mauris et nunc maximus, sed pellentesque elit accumsan. Nulla purus quam, accumsan ut risus laoreet, sagittis posuere neque. Vivamus at risus viverra, pellentesque diam eget, semper nibh. Aenean auctor posuere tortor, et aliquam ante finibus et. Phasellus id est mauris. Sed mollis malesuada lectus, et maximus neque consectetur et.\r\n\r\nEtiam egestas, turpis in rutrum pellentesque, erat leo tristique elit, ac venenatis erat nunc at metus. Sed quis odio sit amet lorem vehicula semper. Duis lacus magna, facilisis vel quam ut, commodo cursus dolor. Etiam massa sapien, porttitor at varius ut, dapibus sed nisl. Pellentesque vel consequat ligula. Quisque congue lectus non nisl mollis, sed interdum diam egestas. Morbi vitae leo pretium risus vehicula tincidunt. In nec felis at justo malesuada accumsan sit amet ac ex. Donec tempus odio eget ipsum consectetur semper. Curabitur efficitur dolor id nisi consequat, aliquet hendrerit ex finibus. Nulla interdum elit vitae tortor lobortis pellentesque. Nullam rutrum ullamcorper ex et venenatis. Maecenas ut lorem id lorem facilisis venenatis. Morbi non augue ut velit hendrerit feugiat.\r\n\r\nQuisque tincidunt laoreet semper. Sed venenatis imperdiet eros, in consectetur magna tempus sed. Phasellus pretium maximus dictum. Donec pharetra nisi mollis mi malesuada, at fringilla turpis pellentesque. Cras malesuada, est eget eleifend auctor, turpis elit pulvinar erat, sit amet bibendum enim lectus ut nisl. In egestas finibus pellentesque. Nam rutrum odio nibh, id auctor sem vulputate quis. ', NULL, NULL, 0),
(11, 1, '2018-02-06 13:34:18', 'Tincidunt laoreet semper.', ' Aenean porta est risus, ac sagittis arcu dapibus in. Pellentesque sed auctor sem. Cras ut nunc vel lacus faucibus accumsan. Nulla commodo gravida ex vel blandit. Nulla facilisi. Integer urna neque, gravida in faucibus a, venenatis sit amet lacus. Praesent scelerisque mauris et nunc maximus, sed pellentesque elit accumsan. Nulla purus quam, accumsan ut risus laoreet, sagittis posuere neque. Vivamus at risus viverra, pellentesque diam eget, semper nibh. Aenean auctor posuere tortor, et aliquam ante finibus et. Phasellus id est mauris. Sed mollis malesuada lectus, et maximus neque consectetur et.\r\n\r\nEtiam egestas, turpis in rutrum pellentesque, erat leo tristique elit, ac venenatis erat nunc at metus. Sed quis odio sit amet lorem vehicula semper. Duis lacus magna, facilisis vel quam ut, commodo cursus dolor. Etiam massa sapien, porttitor at varius ut, dapibus sed nisl. Pellentesque vel consequat ligula. Quisque congue lectus non nisl mollis, sed interdum diam egestas. Morbi vitae leo pretium risus vehicula tincidunt. In nec felis at justo malesuada accumsan sit amet ac ex. Donec tempus odio eget ipsum consectetur semper. Curabitur efficitur dolor id nisi consequat, aliquet hendrerit ex finibus. Nulla interdum elit vitae tortor lobortis pellentesque. Nullam rutrum ullamcorper ex et venenatis. Maecenas ut lorem id lorem facilisis venenatis. Morbi non augue ut velit hendrerit feugiat.\r\n\r\nQuisque tincidunt laoreet semper. Sed venenatis imperdiet eros, in consectetur magna tempus sed. Phasellus pretium maximus dictum. Donec pharetra nisi mollis mi malesuada, at fringilla turpis pellentesque. Cras malesuada, est eget eleifend auctor, turpis elit pulvinar erat, sit amet bibendum enim lectus ut nisl. In egestas finibus pellentesque. Nam rutrum odio nibh, id auctor sem vulputate quis. ', NULL, 6, 0),
(12, 1, '2018-02-04 18:30:50', ' Nulla interdum elit vitae.', ' Aenean porta est risus, ac sagittis arcu dapibus in. Pellentesque sed auctor sem. Cras ut nunc vel lacus faucibus accumsan. Nulla commodo gravida ex vel blandit. Nulla facilisi. Integer urna neque, gravida in faucibus a, venenatis sit amet lacus. Praesent scelerisque mauris et nunc maximus, sed pellentesque elit accumsan. Nulla purus quam, accumsan ut risus laoreet, sagittis posuere neque. Vivamus at risus viverra, pellentesque diam eget, semper nibh. Aenean auctor posuere tortor, et aliquam ante finibus et. Phasellus id est mauris. Sed mollis malesuada lectus, et maximus neque consectetur et.\r\n\r\nEtiam egestas, turpis in rutrum pellentesque, erat leo tristique elit, ac venenatis erat nunc at metus. Sed quis odio sit amet lorem vehicula semper. Duis lacus magna, facilisis vel quam ut, commodo cursus dolor. Etiam massa sapien, porttitor at varius ut, dapibus sed nisl. Pellentesque vel consequat ligula. Quisque congue lectus non nisl mollis, sed interdum diam egestas. Morbi vitae leo pretium risus vehicula tincidunt. In nec felis at justo malesuada accumsan sit amet ac ex. Donec tempus odio eget ipsum consectetur semper. Curabitur efficitur dolor id nisi consequat, aliquet hendrerit ex finibus. Nulla interdum elit vitae tortor lobortis pellentesque. Nullam rutrum ullamcorper ex et venenatis. Maecenas ut lorem id lorem facilisis venenatis. Morbi non augue ut velit hendrerit feugiat.\r\n\r\nQuisque tincidunt laoreet semper. Sed venenatis imperdiet eros, in consectetur magna tempus sed. Phasellus pretium maximus dictum. Donec pharetra nisi mollis mi malesuada, at fringilla turpis pellentesque. Cras malesuada, est eget eleifend auctor, turpis elit pulvinar erat, sit amet bibendum enim lectus ut nisl. In egestas finibus pellentesque. Nam rutrum odio nibh, id auctor sem vulputate quis. ', NULL, NULL, 0),
(13, 1, '2018-02-04 18:30:50', 'Laoreet semper.', ' Aenean porta est risus, ac sagittis arcu dapibus in. Pellentesque sed auctor sem. Cras ut nunc vel lacus faucibus accumsan. Nulla commodo gravida ex vel blandit. Nulla facilisi. Integer urna neque, gravida in faucibus a, venenatis sit amet lacus. Praesent scelerisque mauris et nunc maximus, sed pellentesque elit accumsan. Nulla purus quam, accumsan ut risus laoreet, sagittis posuere neque. Vivamus at risus viverra, pellentesque diam eget, semper nibh. Aenean auctor posuere tortor, et aliquam ante finibus et. Phasellus id est mauris. Sed mollis malesuada lectus, et maximus neque consectetur et.\r\n\r\nEtiam egestas, turpis in rutrum pellentesque, erat leo tristique elit, ac venenatis erat nunc at metus. Sed quis odio sit amet lorem vehicula semper. Duis lacus magna, facilisis vel quam ut, commodo cursus dolor. Etiam massa sapien, porttitor at varius ut, dapibus sed nisl. Pellentesque vel consequat ligula. Quisque congue lectus non nisl mollis, sed interdum diam egestas. Morbi vitae leo pretium risus vehicula tincidunt. In nec felis at justo malesuada accumsan sit amet ac ex. Donec tempus odio eget ipsum consectetur semper. Curabitur efficitur dolor id nisi consequat, aliquet hendrerit ex finibus. Nulla interdum elit vitae tortor lobortis pellentesque. Nullam rutrum ullamcorper ex et venenatis. Maecenas ut lorem id lorem facilisis venenatis. Morbi non augue ut velit hendrerit feugiat.\r\n\r\nQuisque tincidunt laoreet semper. Sed venenatis imperdiet eros, in consectetur magna tempus sed. Phasellus pretium maximus dictum. Donec pharetra nisi mollis mi malesuada, at fringilla turpis pellentesque. Cras malesuada, est eget eleifend auctor, turpis elit pulvinar erat, sit amet bibendum enim lectus ut nisl. In egestas finibus pellentesque. Nam rutrum odio nibh, id auctor sem vulputate quis. ', NULL, NULL, 0),
(14, 1, '2018-02-04 18:30:51', 'Erat leo tristique elit.', ' Aenean porta est risus, ac sagittis arcu dapibus in. Pellentesque sed auctor sem. Cras ut nunc vel lacus faucibus accumsan. Nulla commodo gravida ex vel blandit. Nulla facilisi. Integer urna neque, gravida in faucibus a, venenatis sit amet lacus. Praesent scelerisque mauris et nunc maximus, sed pellentesque elit accumsan. Nulla purus quam, accumsan ut risus laoreet, sagittis posuere neque. Vivamus at risus viverra, pellentesque diam eget, semper nibh. Aenean auctor posuere tortor, et aliquam ante finibus et. Phasellus id est mauris. Sed mollis malesuada lectus, et maximus neque consectetur et.\r\n\r\nEtiam egestas, turpis in rutrum pellentesque, erat leo tristique elit, ac venenatis erat nunc at metus. Sed quis odio sit amet lorem vehicula semper. Duis lacus magna, facilisis vel quam ut, commodo cursus dolor. Etiam massa sapien, porttitor at varius ut, dapibus sed nisl. Pellentesque vel consequat ligula. Quisque congue lectus non nisl mollis, sed interdum diam egestas. Morbi vitae leo pretium risus vehicula tincidunt. In nec felis at justo malesuada accumsan sit amet ac ex. Donec tempus odio eget ipsum consectetur semper. Curabitur efficitur dolor id nisi consequat, aliquet hendrerit ex finibus. Nulla interdum elit vitae tortor lobortis pellentesque. Nullam rutrum ullamcorper ex et venenatis. Maecenas ut lorem id lorem facilisis venenatis. Morbi non augue ut velit hendrerit feugiat.\r\n\r\nQuisque tincidunt laoreet semper. Sed venenatis imperdiet eros, in consectetur magna tempus sed. Phasellus pretium maximus dictum. Donec pharetra nisi mollis mi malesuada, at fringilla turpis pellentesque. Cras malesuada, est eget eleifend auctor, turpis elit pulvinar erat, sit amet bibendum enim lectus ut nisl. In egestas finibus pellentesque. Nam rutrum odio nibh, id auctor sem vulputate quis. ', NULL, NULL, 0),
(15, 1, '2018-02-04 18:30:51', 'Quisque tincidunt laoreet semper.', ' Aenean porta est risus, ac sagittis arcu dapibus in. Pellentesque sed auctor sem. Cras ut nunc vel lacus faucibus accumsan. Nulla commodo gravida ex vel blandit. Nulla facilisi. Integer urna neque, gravida in faucibus a, venenatis sit amet lacus. Praesent scelerisque mauris et nunc maximus, sed pellentesque elit accumsan. Nulla purus quam, accumsan ut risus laoreet, sagittis posuere neque. Vivamus at risus viverra, pellentesque diam eget, semper nibh. Aenean auctor posuere tortor, et aliquam ante finibus et. Phasellus id est mauris. Sed mollis malesuada lectus, et maximus neque consectetur et.\r\n\r\nEtiam egestas, turpis in rutrum pellentesque, erat leo tristique elit, ac venenatis erat nunc at metus. Sed quis odio sit amet lorem vehicula semper. Duis lacus magna, facilisis vel quam ut, commodo cursus dolor. Etiam massa sapien, porttitor at varius ut, dapibus sed nisl. Pellentesque vel consequat ligula. Quisque congue lectus non nisl mollis, sed interdum diam egestas. Morbi vitae leo pretium risus vehicula tincidunt. In nec felis at justo malesuada accumsan sit amet ac ex. Donec tempus odio eget ipsum consectetur semper. Curabitur efficitur dolor id nisi consequat, aliquet hendrerit ex finibus. Nulla interdum elit vitae tortor lobortis pellentesque. Nullam rutrum ullamcorper ex et venenatis. Maecenas ut lorem id lorem facilisis venenatis. Morbi non augue ut velit hendrerit feugiat.\r\n\r\nQuisque tincidunt laoreet semper. Sed venenatis imperdiet eros, in consectetur magna tempus sed. Phasellus pretium maximus dictum. Donec pharetra nisi mollis mi malesuada, at fringilla turpis pellentesque. Cras malesuada, est eget eleifend auctor, turpis elit pulvinar erat, sit amet bibendum enim lectus ut nisl. In egestas finibus pellentesque. Nam rutrum odio nibh, id auctor sem vulputate quis. ', NULL, 5, 0),
(16, 1, '2018-02-04 18:30:51', 'Quisque tincidunt laoreet semper.', ' Aenean porta est risus, ac sagittis arcu dapibus in. Pellentesque sed auctor sem. Cras ut nunc vel lacus faucibus accumsan. Nulla commodo gravida ex vel blandit. Nulla facilisi. Integer urna neque, gravida in faucibus a, venenatis sit amet lacus. Praesent scelerisque mauris et nunc maximus, sed pellentesque elit accumsan. Nulla purus quam, accumsan ut risus laoreet, sagittis posuere neque. Vivamus at risus viverra, pellentesque diam eget, semper nibh. Aenean auctor posuere tortor, et aliquam ante finibus et. Phasellus id est mauris. Sed mollis malesuada lectus, et maximus neque consectetur et.\r\n\r\nEtiam egestas, turpis in rutrum pellentesque, erat leo tristique elit, ac venenatis erat nunc at metus. Sed quis odio sit amet lorem vehicula semper. Duis lacus magna, facilisis vel quam ut, commodo cursus dolor. Etiam massa sapien, porttitor at varius ut, dapibus sed nisl. Pellentesque vel consequat ligula. Quisque congue lectus non nisl mollis, sed interdum diam egestas. Morbi vitae leo pretium risus vehicula tincidunt. In nec felis at justo malesuada accumsan sit amet ac ex. Donec tempus odio eget ipsum consectetur semper. Curabitur efficitur dolor id nisi consequat, aliquet hendrerit ex finibus. Nulla interdum elit vitae tortor lobortis pellentesque. Nullam rutrum ullamcorper ex et venenatis. Maecenas ut lorem id lorem facilisis venenatis. Morbi non augue ut velit hendrerit feugiat.\r\n\r\nQuisque tincidunt laoreet semper. Sed venenatis imperdiet eros, in consectetur magna tempus sed. Phasellus pretium maximus dictum. Donec pharetra nisi mollis mi malesuada, at fringilla turpis pellentesque. Cras malesuada, est eget eleifend auctor, turpis elit pulvinar erat, sit amet bibendum enim lectus ut nisl. In egestas finibus pellentesque. Nam rutrum odio nibh, id auctor sem vulputate quis. ', NULL, NULL, 0),
(17, 1, '2018-02-04 18:30:51', 'Quisque tincidunt laoreet semper.', ' Aenean porta est risus, ac sagittis arcu dapibus in. Pellentesque sed auctor sem. Cras ut nunc vel lacus faucibus accumsan. Nulla commodo gravida ex vel blandit. Nulla facilisi. Integer urna neque, gravida in faucibus a, venenatis sit amet lacus. Praesent scelerisque mauris et nunc maximus, sed pellentesque elit accumsan. Nulla purus quam, accumsan ut risus laoreet, sagittis posuere neque. Vivamus at risus viverra, pellentesque diam eget, semper nibh. Aenean auctor posuere tortor, et aliquam ante finibus et. Phasellus id est mauris. Sed mollis malesuada lectus, et maximus neque consectetur et.\r\n\r\nEtiam egestas, turpis in rutrum pellentesque, erat leo tristique elit, ac venenatis erat nunc at metus. Sed quis odio sit amet lorem vehicula semper. Duis lacus magna, facilisis vel quam ut, commodo cursus dolor. Etiam massa sapien, porttitor at varius ut, dapibus sed nisl. Pellentesque vel consequat ligula. Quisque congue lectus non nisl mollis, sed interdum diam egestas. Morbi vitae leo pretium risus vehicula tincidunt. In nec felis at justo malesuada accumsan sit amet ac ex. Donec tempus odio eget ipsum consectetur semper. Curabitur efficitur dolor id nisi consequat, aliquet hendrerit ex finibus. Nulla interdum elit vitae tortor lobortis pellentesque. Nullam rutrum ullamcorper ex et venenatis. Maecenas ut lorem id lorem facilisis venenatis. Morbi non augue ut velit hendrerit feugiat.\r\n\r\nQuisque tincidunt laoreet semper. Sed venenatis imperdiet eros, in consectetur magna tempus sed. Phasellus pretium maximus dictum. Donec pharetra nisi mollis mi malesuada, at fringilla turpis pellentesque. Cras malesuada, est eget eleifend auctor, turpis elit pulvinar erat, sit amet bibendum enim lectus ut nisl. In egestas finibus pellentesque. Nam rutrum odio nibh, id auctor sem vulputate quis. ', NULL, NULL, 0),
(18, 1, '2018-02-16 16:49:05', 'Gincidunt laoreet semper.', ' Aenean porta est risus, ac sagittis arcu dapibus in. Pellentesque sed auctor sem. Cras ut nunc vel lacus faucibus accumsan. Nulla commodo gravida ex vel blandit. Nulla facilisi. Integer urna neque, gravida in faucibus a, venenatis sit amet lacus. Praesent scelerisque mauris et nunc maximus, sed pellentesque elit accumsan. Nulla purus quam, accumsan ut risus laoreet, sagittis posuere neque. Vivamus at risus viverra, pellentesque diam eget, semper nibh. Aenean auctor posuere tortor, et aliquam ante finibus et. Phasellus id est mauris. Sed mollis malesuada lectus, et maximus neque consectetur et.\r\n\r\nEtiam egestas, turpis in rutrum pellentesque, erat leo tristique elit, ac venenatis erat nunc at metus. Sed quis odio sit amet lorem vehicula semper. Duis lacus magna, facilisis vel quam ut, commodo cursus dolor. Etiam massa sapien, porttitor at varius ut, dapibus sed nisl. Pellentesque vel consequat ligula. Quisque congue lectus non nisl mollis, sed interdum diam egestas. Morbi vitae leo pretium risus vehicula tincidunt. In nec felis at justo malesuada accumsan sit amet ac ex. Donec tempus odio eget ipsum consectetur semper. Curabitur efficitur dolor id nisi consequat, aliquet hendrerit ex finibus. Nulla interdum elit vitae tortor lobortis pellentesque. Nullam rutrum ullamcorper ex et venenatis. Maecenas ut lorem id lorem facilisis venenatis. Morbi non augue ut velit hendrerit feugiat.\r\n\r\nQuisque tincidunt laoreet semper. Sed venenatis imperdiet eros, in consectetur magna tempus sed. Phasellus pretium maximus dictum. Donec pharetra nisi mollis mi malesuada, at fringilla turpis pellentesque. Cras malesuada, est eget eleifend auctor, turpis elit pulvinar erat, sit amet bibendum enim lectus ut nisl. In egestas finibus pellentesque. Nam rutrum odio nibh, id auctor sem vulputate quis. ', NULL, NULL, 0),
(19, 1, '2018-02-04 18:30:51', 'Quisque tincidunt laoreet semper.', ' Aenean porta est risus, ac sagittis arcu dapibus in. Pellentesque sed auctor sem. Cras ut nunc vel lacus faucibus accumsan. Nulla commodo gravida ex vel blandit. Nulla facilisi. Integer urna neque, gravida in faucibus a, venenatis sit amet lacus. Praesent scelerisque mauris et nunc maximus, sed pellentesque elit accumsan. Nulla purus quam, accumsan ut risus laoreet, sagittis posuere neque. Vivamus at risus viverra, pellentesque diam eget, semper nibh. Aenean auctor posuere tortor, et aliquam ante finibus et. Phasellus id est mauris. Sed mollis malesuada lectus, et maximus neque consectetur et.\r\n\r\nEtiam egestas, turpis in rutrum pellentesque, erat leo tristique elit, ac venenatis erat nunc at metus. Sed quis odio sit amet lorem vehicula semper. Duis lacus magna, facilisis vel quam ut, commodo cursus dolor. Etiam massa sapien, porttitor at varius ut, dapibus sed nisl. Pellentesque vel consequat ligula. Quisque congue lectus non nisl mollis, sed interdum diam egestas. Morbi vitae leo pretium risus vehicula tincidunt. In nec felis at justo malesuada accumsan sit amet ac ex. Donec tempus odio eget ipsum consectetur semper. Curabitur efficitur dolor id nisi consequat, aliquet hendrerit ex finibus. Nulla interdum elit vitae tortor lobortis pellentesque. Nullam rutrum ullamcorper ex et venenatis. Maecenas ut lorem id lorem facilisis venenatis. Morbi non augue ut velit hendrerit feugiat.\r\n\r\nQuisque tincidunt laoreet semper. Sed venenatis imperdiet eros, in consectetur magna tempus sed. Phasellus pretium maximus dictum. Donec pharetra nisi mollis mi malesuada, at fringilla turpis pellentesque. Cras malesuada, est eget eleifend auctor, turpis elit pulvinar erat, sit amet bibendum enim lectus ut nisl. In egestas finibus pellentesque. Nam rutrum odio nibh, id auctor sem vulputate quis. ', NULL, NULL, 0),
(20, 1, '2018-02-04 18:30:51', 'Quisque tincidunt laoreet semper.', ' Aenean porta est risus, ac sagittis arcu dapibus in. Pellentesque sed auctor sem. Cras ut nunc vel lacus faucibus accumsan. Nulla commodo gravida ex vel blandit. Nulla facilisi. Integer urna neque, gravida in faucibus a, venenatis sit amet lacus. Praesent scelerisque mauris et nunc maximus, sed pellentesque elit accumsan. Nulla purus quam, accumsan ut risus laoreet, sagittis posuere neque. Vivamus at risus viverra, pellentesque diam eget, semper nibh. Aenean auctor posuere tortor, et aliquam ante finibus et. Phasellus id est mauris. Sed mollis malesuada lectus, et maximus neque consectetur et.\r\n\r\nEtiam egestas, turpis in rutrum pellentesque, erat leo tristique elit, ac venenatis erat nunc at metus. Sed quis odio sit amet lorem vehicula semper. Duis lacus magna, facilisis vel quam ut, commodo cursus dolor. Etiam massa sapien, porttitor at varius ut, dapibus sed nisl. Pellentesque vel consequat ligula. Quisque congue lectus non nisl mollis, sed interdum diam egestas. Morbi vitae leo pretium risus vehicula tincidunt. In nec felis at justo malesuada accumsan sit amet ac ex. Donec tempus odio eget ipsum consectetur semper. Curabitur efficitur dolor id nisi consequat, aliquet hendrerit ex finibus. Nulla interdum elit vitae tortor lobortis pellentesque. Nullam rutrum ullamcorper ex et venenatis. Maecenas ut lorem id lorem facilisis venenatis. Morbi non augue ut velit hendrerit feugiat.\r\n\r\nQuisque tincidunt laoreet semper. Sed venenatis imperdiet eros, in consectetur magna tempus sed. Phasellus pretium maximus dictum. Donec pharetra nisi mollis mi malesuada, at fringilla turpis pellentesque. Cras malesuada, est eget eleifend auctor, turpis elit pulvinar erat, sit amet bibendum enim lectus ut nisl. In egestas finibus pellentesque. Nam rutrum odio nibh, id auctor sem vulputate quis. ', NULL, NULL, 0),
(21, 1, '2018-02-04 18:31:16', 'Aenean porta est risus, ac sagittis arcu dapibus in.', ' Aenean porta est risus, ac sagittis arcu dapibus in. Pellentesque sed auctor sem. Cras ut nunc vel lacus faucibus accumsan. Nulla commodo gravida ex vel blandit. Nulla facilisi. Integer urna neque, gravida in faucibus a, venenatis sit amet lacus. Praesent scelerisque mauris et nunc maximus, sed pellentesque elit accumsan. Nulla purus quam, accumsan ut risus laoreet, sagittis posuere neque. Vivamus at risus viverra, pellentesque diam eget, semper nibh. Aenean auctor posuere tortor, et aliquam ante finibus et. Phasellus id est mauris. Sed mollis malesuada lectus, et maximus neque consectetur et.\r\n\r\nEtiam egestas, turpis in rutrum pellentesque, erat leo tristique elit, ac venenatis erat nunc at metus. Sed quis odio sit amet lorem vehicula semper. Duis lacus magna, facilisis vel quam ut, commodo cursus dolor. Etiam massa sapien, porttitor at varius ut, dapibus sed nisl. Pellentesque vel consequat ligula. Quisque congue lectus non nisl mollis, sed interdum diam egestas. Morbi vitae leo pretium risus vehicula tincidunt. In nec felis at justo malesuada accumsan sit amet ac ex. Donec tempus odio eget ipsum consectetur semper. Curabitur efficitur dolor id nisi consequat, aliquet hendrerit ex finibus. Nulla interdum elit vitae tortor lobortis pellentesque. Nullam rutrum ullamcorper ex et venenatis. Maecenas ut lorem id lorem facilisis venenatis. Morbi non augue ut velit hendrerit feugiat.\r\n\r\nQuisque tincidunt laoreet semper. Sed venenatis imperdiet eros, in consectetur magna tempus sed. Phasellus pretium maximus dictum. Donec pharetra nisi mollis mi malesuada, at fringilla turpis pellentesque. Cras malesuada, est eget eleifend auctor, turpis elit pulvinar erat, sit amet bibendum enim lectus ut nisl. In egestas finibus pellentesque. Nam rutrum odio nibh, id auctor sem vulputate quis. ', NULL, NULL, 0),
(22, 1, '2018-02-04 18:31:16', 'Tincidunt laoreet semper.', ' Aenean porta est risus, ac sagittis arcu dapibus in. Pellentesque sed auctor sem. Cras ut nunc vel lacus faucibus accumsan. Nulla commodo gravida ex vel blandit. Nulla facilisi. Integer urna neque, gravida in faucibus a, venenatis sit amet lacus. Praesent scelerisque mauris et nunc maximus, sed pellentesque elit accumsan. Nulla purus quam, accumsan ut risus laoreet, sagittis posuere neque. Vivamus at risus viverra, pellentesque diam eget, semper nibh. Aenean auctor posuere tortor, et aliquam ante finibus et. Phasellus id est mauris. Sed mollis malesuada lectus, et maximus neque consectetur et.\r\n\r\nEtiam egestas, turpis in rutrum pellentesque, erat leo tristique elit, ac venenatis erat nunc at metus. Sed quis odio sit amet lorem vehicula semper. Duis lacus magna, facilisis vel quam ut, commodo cursus dolor. Etiam massa sapien, porttitor at varius ut, dapibus sed nisl. Pellentesque vel consequat ligula. Quisque congue lectus non nisl mollis, sed interdum diam egestas. Morbi vitae leo pretium risus vehicula tincidunt. In nec felis at justo malesuada accumsan sit amet ac ex. Donec tempus odio eget ipsum consectetur semper. Curabitur efficitur dolor id nisi consequat, aliquet hendrerit ex finibus. Nulla interdum elit vitae tortor lobortis pellentesque. Nullam rutrum ullamcorper ex et venenatis. Maecenas ut lorem id lorem facilisis venenatis. Morbi non augue ut velit hendrerit feugiat.\r\n\r\nQuisque tincidunt laoreet semper. Sed venenatis imperdiet eros, in consectetur magna tempus sed. Phasellus pretium maximus dictum. Donec pharetra nisi mollis mi malesuada, at fringilla turpis pellentesque. Cras malesuada, est eget eleifend auctor, turpis elit pulvinar erat, sit amet bibendum enim lectus ut nisl. In egestas finibus pellentesque. Nam rutrum odio nibh, id auctor sem vulputate quis. ', NULL, NULL, 0),
(23, 1, '2018-02-04 18:31:16', ' Nulla interdum elit vitae.', ' Aenean porta est risus, ac sagittis arcu dapibus in. Pellentesque sed auctor sem. Cras ut nunc vel lacus faucibus accumsan. Nulla commodo gravida ex vel blandit. Nulla facilisi. Integer urna neque, gravida in faucibus a, venenatis sit amet lacus. Praesent scelerisque mauris et nunc maximus, sed pellentesque elit accumsan. Nulla purus quam, accumsan ut risus laoreet, sagittis posuere neque. Vivamus at risus viverra, pellentesque diam eget, semper nibh. Aenean auctor posuere tortor, et aliquam ante finibus et. Phasellus id est mauris. Sed mollis malesuada lectus, et maximus neque consectetur et.\r\n\r\nEtiam egestas, turpis in rutrum pellentesque, erat leo tristique elit, ac venenatis erat nunc at metus. Sed quis odio sit amet lorem vehicula semper. Duis lacus magna, facilisis vel quam ut, commodo cursus dolor. Etiam massa sapien, porttitor at varius ut, dapibus sed nisl. Pellentesque vel consequat ligula. Quisque congue lectus non nisl mollis, sed interdum diam egestas. Morbi vitae leo pretium risus vehicula tincidunt. In nec felis at justo malesuada accumsan sit amet ac ex. Donec tempus odio eget ipsum consectetur semper. Curabitur efficitur dolor id nisi consequat, aliquet hendrerit ex finibus. Nulla interdum elit vitae tortor lobortis pellentesque. Nullam rutrum ullamcorper ex et venenatis. Maecenas ut lorem id lorem facilisis venenatis. Morbi non augue ut velit hendrerit feugiat.\r\n\r\nQuisque tincidunt laoreet semper. Sed venenatis imperdiet eros, in consectetur magna tempus sed. Phasellus pretium maximus dictum. Donec pharetra nisi mollis mi malesuada, at fringilla turpis pellentesque. Cras malesuada, est eget eleifend auctor, turpis elit pulvinar erat, sit amet bibendum enim lectus ut nisl. In egestas finibus pellentesque. Nam rutrum odio nibh, id auctor sem vulputate quis. ', NULL, NULL, 0),
(24, 1, '2018-02-06 16:28:36', 'Laoreet semper.', ' Aenean porta est risus, ac sagittis arcu dapibus in. Pellentesque sed auctor sem. Cras ut nunc vel lacus faucibus accumsan. Nulla commodo gravida ex vel blandit. Nulla facilisi. Integer urna neque, gravida in faucibus a, venenatis sit amet lacus. Praesent scelerisque mauris et nunc maximus, sed pellentesque elit accumsan. Nulla purus quam, accumsan ut risus laoreet, sagittis posuere neque. Vivamus at risus viverra, pellentesque diam eget, semper nibh. Aenean auctor posuere tortor, et aliquam ante finibus et. Phasellus id est mauris. Sed mollis malesuada lectus, et maximus neque consectetur et.\r\n\r\nEtiam egestas, turpis in rutrum pellentesque, erat leo tristique elit, ac venenatis erat nunc at metus. Sed quis odio sit amet lorem vehicula semper. Duis lacus magna, facilisis vel quam ut, commodo cursus dolor. Etiam massa sapien, porttitor at varius ut, dapibus sed nisl. Pellentesque vel consequat ligula. Quisque congue lectus non nisl mollis, sed interdum diam egestas. Morbi vitae leo pretium risus vehicula tincidunt. In nec felis at justo malesuada accumsan sit amet ac ex. Donec tempus odio eget ipsum consectetur semper. Curabitur efficitur dolor id nisi consequat, aliquet hendrerit ex finibus. Nulla interdum elit vitae tortor lobortis pellentesque. Nullam rutrum ullamcorper ex et venenatis. Maecenas ut lorem id lorem facilisis venenatis. Morbi non augue ut velit hendrerit feugiat.\r\n\r\nQuisque tincidunt laoreet semper. Sed venenatis imperdiet eros, in consectetur magna tempus sed. Phasellus pretium maximus dictum. Donec pharetra nisi mollis mi malesuada, at fringilla turpis pellentesque. Cras malesuada, est eget eleifend auctor, turpis elit pulvinar erat, sit amet bibendum enim lectus ut nisl. In egestas finibus pellentesque. Nam rutrum odio nibh, id auctor sem vulputate quis. ', NULL, 10, 0),
(25, 1, '2018-02-04 18:31:16', 'Erat leo tristique elit.', ' Aenean porta est risus, ac sagittis arcu dapibus in. Pellentesque sed auctor sem. Cras ut nunc vel lacus faucibus accumsan. Nulla commodo gravida ex vel blandit. Nulla facilisi. Integer urna neque, gravida in faucibus a, venenatis sit amet lacus. Praesent scelerisque mauris et nunc maximus, sed pellentesque elit accumsan. Nulla purus quam, accumsan ut risus laoreet, sagittis posuere neque. Vivamus at risus viverra, pellentesque diam eget, semper nibh. Aenean auctor posuere tortor, et aliquam ante finibus et. Phasellus id est mauris. Sed mollis malesuada lectus, et maximus neque consectetur et.\r\n\r\nEtiam egestas, turpis in rutrum pellentesque, erat leo tristique elit, ac venenatis erat nunc at metus. Sed quis odio sit amet lorem vehicula semper. Duis lacus magna, facilisis vel quam ut, commodo cursus dolor. Etiam massa sapien, porttitor at varius ut, dapibus sed nisl. Pellentesque vel consequat ligula. Quisque congue lectus non nisl mollis, sed interdum diam egestas. Morbi vitae leo pretium risus vehicula tincidunt. In nec felis at justo malesuada accumsan sit amet ac ex. Donec tempus odio eget ipsum consectetur semper. Curabitur efficitur dolor id nisi consequat, aliquet hendrerit ex finibus. Nulla interdum elit vitae tortor lobortis pellentesque. Nullam rutrum ullamcorper ex et venenatis. Maecenas ut lorem id lorem facilisis venenatis. Morbi non augue ut velit hendrerit feugiat.\r\n\r\nQuisque tincidunt laoreet semper. Sed venenatis imperdiet eros, in consectetur magna tempus sed. Phasellus pretium maximus dictum. Donec pharetra nisi mollis mi malesuada, at fringilla turpis pellentesque. Cras malesuada, est eget eleifend auctor, turpis elit pulvinar erat, sit amet bibendum enim lectus ut nisl. In egestas finibus pellentesque. Nam rutrum odio nibh, id auctor sem vulputate quis. ', NULL, NULL, 0),
(26, 1, '2018-02-04 18:31:16', 'Quisque tincidunt laoreet semper.', ' Aenean porta est risus, ac sagittis arcu dapibus in. Pellentesque sed auctor sem. Cras ut nunc vel lacus faucibus accumsan. Nulla commodo gravida ex vel blandit. Nulla facilisi. Integer urna neque, gravida in faucibus a, venenatis sit amet lacus. Praesent scelerisque mauris et nunc maximus, sed pellentesque elit accumsan. Nulla purus quam, accumsan ut risus laoreet, sagittis posuere neque. Vivamus at risus viverra, pellentesque diam eget, semper nibh. Aenean auctor posuere tortor, et aliquam ante finibus et. Phasellus id est mauris. Sed mollis malesuada lectus, et maximus neque consectetur et.\r\n\r\nEtiam egestas, turpis in rutrum pellentesque, erat leo tristique elit, ac venenatis erat nunc at metus. Sed quis odio sit amet lorem vehicula semper. Duis lacus magna, facilisis vel quam ut, commodo cursus dolor. Etiam massa sapien, porttitor at varius ut, dapibus sed nisl. Pellentesque vel consequat ligula. Quisque congue lectus non nisl mollis, sed interdum diam egestas. Morbi vitae leo pretium risus vehicula tincidunt. In nec felis at justo malesuada accumsan sit amet ac ex. Donec tempus odio eget ipsum consectetur semper. Curabitur efficitur dolor id nisi consequat, aliquet hendrerit ex finibus. Nulla interdum elit vitae tortor lobortis pellentesque. Nullam rutrum ullamcorper ex et venenatis. Maecenas ut lorem id lorem facilisis venenatis. Morbi non augue ut velit hendrerit feugiat.\r\n\r\nQuisque tincidunt laoreet semper. Sed venenatis imperdiet eros, in consectetur magna tempus sed. Phasellus pretium maximus dictum. Donec pharetra nisi mollis mi malesuada, at fringilla turpis pellentesque. Cras malesuada, est eget eleifend auctor, turpis elit pulvinar erat, sit amet bibendum enim lectus ut nisl. In egestas finibus pellentesque. Nam rutrum odio nibh, id auctor sem vulputate quis. ', NULL, NULL, 0),
(27, 1, '2018-02-04 18:31:16', 'Quisque tincidunt laoreet semper.', ' Aenean porta est risus, ac sagittis arcu dapibus in. Pellentesque sed auctor sem. Cras ut nunc vel lacus faucibus accumsan. Nulla commodo gravida ex vel blandit. Nulla facilisi. Integer urna neque, gravida in faucibus a, venenatis sit amet lacus. Praesent scelerisque mauris et nunc maximus, sed pellentesque elit accumsan. Nulla purus quam, accumsan ut risus laoreet, sagittis posuere neque. Vivamus at risus viverra, pellentesque diam eget, semper nibh. Aenean auctor posuere tortor, et aliquam ante finibus et. Phasellus id est mauris. Sed mollis malesuada lectus, et maximus neque consectetur et.\r\n\r\nEtiam egestas, turpis in rutrum pellentesque, erat leo tristique elit, ac venenatis erat nunc at metus. Sed quis odio sit amet lorem vehicula semper. Duis lacus magna, facilisis vel quam ut, commodo cursus dolor. Etiam massa sapien, porttitor at varius ut, dapibus sed nisl. Pellentesque vel consequat ligula. Quisque congue lectus non nisl mollis, sed interdum diam egestas. Morbi vitae leo pretium risus vehicula tincidunt. In nec felis at justo malesuada accumsan sit amet ac ex. Donec tempus odio eget ipsum consectetur semper. Curabitur efficitur dolor id nisi consequat, aliquet hendrerit ex finibus. Nulla interdum elit vitae tortor lobortis pellentesque. Nullam rutrum ullamcorper ex et venenatis. Maecenas ut lorem id lorem facilisis venenatis. Morbi non augue ut velit hendrerit feugiat.\r\n\r\nQuisque tincidunt laoreet semper. Sed venenatis imperdiet eros, in consectetur magna tempus sed. Phasellus pretium maximus dictum. Donec pharetra nisi mollis mi malesuada, at fringilla turpis pellentesque. Cras malesuada, est eget eleifend auctor, turpis elit pulvinar erat, sit amet bibendum enim lectus ut nisl. In egestas finibus pellentesque. Nam rutrum odio nibh, id auctor sem vulputate quis. ', NULL, NULL, 0);
INSERT INTO `news` (`id`, `id_category`, `date`, `title`, `content`, `img_dir`, `views`, `analytics`) VALUES
(28, 1, '2018-02-04 18:31:17', 'Quisque tincidunt laoreet semper.', ' Aenean porta est risus, ac sagittis arcu dapibus in. Pellentesque sed auctor sem. Cras ut nunc vel lacus faucibus accumsan. Nulla commodo gravida ex vel blandit. Nulla facilisi. Integer urna neque, gravida in faucibus a, venenatis sit amet lacus. Praesent scelerisque mauris et nunc maximus, sed pellentesque elit accumsan. Nulla purus quam, accumsan ut risus laoreet, sagittis posuere neque. Vivamus at risus viverra, pellentesque diam eget, semper nibh. Aenean auctor posuere tortor, et aliquam ante finibus et. Phasellus id est mauris. Sed mollis malesuada lectus, et maximus neque consectetur et.\r\n\r\nEtiam egestas, turpis in rutrum pellentesque, erat leo tristique elit, ac venenatis erat nunc at metus. Sed quis odio sit amet lorem vehicula semper. Duis lacus magna, facilisis vel quam ut, commodo cursus dolor. Etiam massa sapien, porttitor at varius ut, dapibus sed nisl. Pellentesque vel consequat ligula. Quisque congue lectus non nisl mollis, sed interdum diam egestas. Morbi vitae leo pretium risus vehicula tincidunt. In nec felis at justo malesuada accumsan sit amet ac ex. Donec tempus odio eget ipsum consectetur semper. Curabitur efficitur dolor id nisi consequat, aliquet hendrerit ex finibus. Nulla interdum elit vitae tortor lobortis pellentesque. Nullam rutrum ullamcorper ex et venenatis. Maecenas ut lorem id lorem facilisis venenatis. Morbi non augue ut velit hendrerit feugiat.\r\n\r\nQuisque tincidunt laoreet semper. Sed venenatis imperdiet eros, in consectetur magna tempus sed. Phasellus pretium maximus dictum. Donec pharetra nisi mollis mi malesuada, at fringilla turpis pellentesque. Cras malesuada, est eget eleifend auctor, turpis elit pulvinar erat, sit amet bibendum enim lectus ut nisl. In egestas finibus pellentesque. Nam rutrum odio nibh, id auctor sem vulputate quis. ', NULL, NULL, 0),
(29, 1, '2018-02-04 18:31:17', 'Quisque tincidunt laoreet semper.', ' Aenean porta est risus, ac sagittis arcu dapibus in. Pellentesque sed auctor sem. Cras ut nunc vel lacus faucibus accumsan. Nulla commodo gravida ex vel blandit. Nulla facilisi. Integer urna neque, gravida in faucibus a, venenatis sit amet lacus. Praesent scelerisque mauris et nunc maximus, sed pellentesque elit accumsan. Nulla purus quam, accumsan ut risus laoreet, sagittis posuere neque. Vivamus at risus viverra, pellentesque diam eget, semper nibh. Aenean auctor posuere tortor, et aliquam ante finibus et. Phasellus id est mauris. Sed mollis malesuada lectus, et maximus neque consectetur et.\r\n\r\nEtiam egestas, turpis in rutrum pellentesque, erat leo tristique elit, ac venenatis erat nunc at metus. Sed quis odio sit amet lorem vehicula semper. Duis lacus magna, facilisis vel quam ut, commodo cursus dolor. Etiam massa sapien, porttitor at varius ut, dapibus sed nisl. Pellentesque vel consequat ligula. Quisque congue lectus non nisl mollis, sed interdum diam egestas. Morbi vitae leo pretium risus vehicula tincidunt. In nec felis at justo malesuada accumsan sit amet ac ex. Donec tempus odio eget ipsum consectetur semper. Curabitur efficitur dolor id nisi consequat, aliquet hendrerit ex finibus. Nulla interdum elit vitae tortor lobortis pellentesque. Nullam rutrum ullamcorper ex et venenatis. Maecenas ut lorem id lorem facilisis venenatis. Morbi non augue ut velit hendrerit feugiat.\r\n\r\nQuisque tincidunt laoreet semper. Sed venenatis imperdiet eros, in consectetur magna tempus sed. Phasellus pretium maximus dictum. Donec pharetra nisi mollis mi malesuada, at fringilla turpis pellentesque. Cras malesuada, est eget eleifend auctor, turpis elit pulvinar erat, sit amet bibendum enim lectus ut nisl. In egestas finibus pellentesque. Nam rutrum odio nibh, id auctor sem vulputate quis. ', NULL, NULL, 0),
(30, 1, '2018-02-04 18:31:17', 'Quisque tincidunt laoreet semper.', ' Aenean porta est risus, ac sagittis arcu dapibus in. Pellentesque sed auctor sem. Cras ut nunc vel lacus faucibus accumsan. Nulla commodo gravida ex vel blandit. Nulla facilisi. Integer urna neque, gravida in faucibus a, venenatis sit amet lacus. Praesent scelerisque mauris et nunc maximus, sed pellentesque elit accumsan. Nulla purus quam, accumsan ut risus laoreet, sagittis posuere neque. Vivamus at risus viverra, pellentesque diam eget, semper nibh. Aenean auctor posuere tortor, et aliquam ante finibus et. Phasellus id est mauris. Sed mollis malesuada lectus, et maximus neque consectetur et.\r\n\r\nEtiam egestas, turpis in rutrum pellentesque, erat leo tristique elit, ac venenatis erat nunc at metus. Sed quis odio sit amet lorem vehicula semper. Duis lacus magna, facilisis vel quam ut, commodo cursus dolor. Etiam massa sapien, porttitor at varius ut, dapibus sed nisl. Pellentesque vel consequat ligula. Quisque congue lectus non nisl mollis, sed interdum diam egestas. Morbi vitae leo pretium risus vehicula tincidunt. In nec felis at justo malesuada accumsan sit amet ac ex. Donec tempus odio eget ipsum consectetur semper. Curabitur efficitur dolor id nisi consequat, aliquet hendrerit ex finibus. Nulla interdum elit vitae tortor lobortis pellentesque. Nullam rutrum ullamcorper ex et venenatis. Maecenas ut lorem id lorem facilisis venenatis. Morbi non augue ut velit hendrerit feugiat.\r\n\r\nQuisque tincidunt laoreet semper. Sed venenatis imperdiet eros, in consectetur magna tempus sed. Phasellus pretium maximus dictum. Donec pharetra nisi mollis mi malesuada, at fringilla turpis pellentesque. Cras malesuada, est eget eleifend auctor, turpis elit pulvinar erat, sit amet bibendum enim lectus ut nisl. In egestas finibus pellentesque. Nam rutrum odio nibh, id auctor sem vulputate quis. ', NULL, NULL, 0),
(31, 1, '2018-02-04 18:31:17', 'Quisque tincidunt laoreet semper.', ' Aenean porta est risus, ac sagittis arcu dapibus in. Pellentesque sed auctor sem. Cras ut nunc vel lacus faucibus accumsan. Nulla commodo gravida ex vel blandit. Nulla facilisi. Integer urna neque, gravida in faucibus a, venenatis sit amet lacus. Praesent scelerisque mauris et nunc maximus, sed pellentesque elit accumsan. Nulla purus quam, accumsan ut risus laoreet, sagittis posuere neque. Vivamus at risus viverra, pellentesque diam eget, semper nibh. Aenean auctor posuere tortor, et aliquam ante finibus et. Phasellus id est mauris. Sed mollis malesuada lectus, et maximus neque consectetur et.\r\n\r\nEtiam egestas, turpis in rutrum pellentesque, erat leo tristique elit, ac venenatis erat nunc at metus. Sed quis odio sit amet lorem vehicula semper. Duis lacus magna, facilisis vel quam ut, commodo cursus dolor. Etiam massa sapien, porttitor at varius ut, dapibus sed nisl. Pellentesque vel consequat ligula. Quisque congue lectus non nisl mollis, sed interdum diam egestas. Morbi vitae leo pretium risus vehicula tincidunt. In nec felis at justo malesuada accumsan sit amet ac ex. Donec tempus odio eget ipsum consectetur semper. Curabitur efficitur dolor id nisi consequat, aliquet hendrerit ex finibus. Nulla interdum elit vitae tortor lobortis pellentesque. Nullam rutrum ullamcorper ex et venenatis. Maecenas ut lorem id lorem facilisis venenatis. Morbi non augue ut velit hendrerit feugiat.\r\n\r\nQuisque tincidunt laoreet semper. Sed venenatis imperdiet eros, in consectetur magna tempus sed. Phasellus pretium maximus dictum. Donec pharetra nisi mollis mi malesuada, at fringilla turpis pellentesque. Cras malesuada, est eget eleifend auctor, turpis elit pulvinar erat, sit amet bibendum enim lectus ut nisl. In egestas finibus pellentesque. Nam rutrum odio nibh, id auctor sem vulputate quis. ', NULL, NULL, 0),
(32, 1, '2018-02-13 00:36:26', 'Aenean porta est risus, ac sagittis arcu dapibus in.', ' Aenean porta est risus, ac sagittis arcu dapibus in. Pellentesque sed auctor sem. Cras ut nunc vel lacus faucibus accumsan. Nulla commodo gravida ex vel blandit. Nulla facilisi. Integer urna neque, gravida in faucibus a, venenatis sit amet lacus. Praesent scelerisque mauris et nunc maximus, sed pellentesque elit accumsan. Nulla purus quam, accumsan ut risus laoreet, sagittis posuere neque. Vivamus at risus viverra, pellentesque diam eget, semper nibh. Aenean auctor posuere tortor, et aliquam ante finibus et. Phasellus id est mauris. Sed mollis malesuada lectus, et maximus neque consectetur et.\r\n\r\nEtiam egestas, turpis in rutrum pellentesque, erat leo tristique elit, ac venenatis erat nunc at metus. Sed quis odio sit amet lorem vehicula semper. Duis lacus magna, facilisis vel quam ut, commodo cursus dolor. Etiam massa sapien, porttitor at varius ut, dapibus sed nisl. Pellentesque vel consequat ligula. Quisque congue lectus non nisl mollis, sed interdum diam egestas. Morbi vitae leo pretium risus vehicula tincidunt. In nec felis at justo malesuada accumsan sit amet ac ex. Donec tempus odio eget ipsum consectetur semper. Curabitur efficitur dolor id nisi consequat, aliquet hendrerit ex finibus. Nulla interdum elit vitae tortor lobortis pellentesque. Nullam rutrum ullamcorper ex et venenatis. Maecenas ut lorem id lorem facilisis venenatis. Morbi non augue ut velit hendrerit feugiat.\r\n\r\nQuisque tincidunt laoreet semper. Sed venenatis imperdiet eros, in consectetur magna tempus sed. Phasellus pretium maximus dictum. Donec pharetra nisi mollis mi malesuada, at fringilla turpis pellentesque. Cras malesuada, est eget eleifend auctor, turpis elit pulvinar erat, sit amet bibendum enim lectus ut nisl. In egestas finibus pellentesque. Nam rutrum odio nibh, id auctor sem vulputate quis. ', NULL, 5, 0),
(33, 1, '2018-02-04 18:31:27', 'Tincidunt laoreet semper.', ' Aenean porta est risus, ac sagittis arcu dapibus in. Pellentesque sed auctor sem. Cras ut nunc vel lacus faucibus accumsan. Nulla commodo gravida ex vel blandit. Nulla facilisi. Integer urna neque, gravida in faucibus a, venenatis sit amet lacus. Praesent scelerisque mauris et nunc maximus, sed pellentesque elit accumsan. Nulla purus quam, accumsan ut risus laoreet, sagittis posuere neque. Vivamus at risus viverra, pellentesque diam eget, semper nibh. Aenean auctor posuere tortor, et aliquam ante finibus et. Phasellus id est mauris. Sed mollis malesuada lectus, et maximus neque consectetur et.\r\n\r\nEtiam egestas, turpis in rutrum pellentesque, erat leo tristique elit, ac venenatis erat nunc at metus. Sed quis odio sit amet lorem vehicula semper. Duis lacus magna, facilisis vel quam ut, commodo cursus dolor. Etiam massa sapien, porttitor at varius ut, dapibus sed nisl. Pellentesque vel consequat ligula. Quisque congue lectus non nisl mollis, sed interdum diam egestas. Morbi vitae leo pretium risus vehicula tincidunt. In nec felis at justo malesuada accumsan sit amet ac ex. Donec tempus odio eget ipsum consectetur semper. Curabitur efficitur dolor id nisi consequat, aliquet hendrerit ex finibus. Nulla interdum elit vitae tortor lobortis pellentesque. Nullam rutrum ullamcorper ex et venenatis. Maecenas ut lorem id lorem facilisis venenatis. Morbi non augue ut velit hendrerit feugiat.\r\n\r\nQuisque tincidunt laoreet semper. Sed venenatis imperdiet eros, in consectetur magna tempus sed. Phasellus pretium maximus dictum. Donec pharetra nisi mollis mi malesuada, at fringilla turpis pellentesque. Cras malesuada, est eget eleifend auctor, turpis elit pulvinar erat, sit amet bibendum enim lectus ut nisl. In egestas finibus pellentesque. Nam rutrum odio nibh, id auctor sem vulputate quis. ', NULL, NULL, 0),
(34, 1, '2018-02-04 18:31:27', ' Nulla interdum elit vitae.', ' Aenean porta est risus, ac sagittis arcu dapibus in. Pellentesque sed auctor sem. Cras ut nunc vel lacus faucibus accumsan. Nulla commodo gravida ex vel blandit. Nulla facilisi. Integer urna neque, gravida in faucibus a, venenatis sit amet lacus. Praesent scelerisque mauris et nunc maximus, sed pellentesque elit accumsan. Nulla purus quam, accumsan ut risus laoreet, sagittis posuere neque. Vivamus at risus viverra, pellentesque diam eget, semper nibh. Aenean auctor posuere tortor, et aliquam ante finibus et. Phasellus id est mauris. Sed mollis malesuada lectus, et maximus neque consectetur et.\r\n\r\nEtiam egestas, turpis in rutrum pellentesque, erat leo tristique elit, ac venenatis erat nunc at metus. Sed quis odio sit amet lorem vehicula semper. Duis lacus magna, facilisis vel quam ut, commodo cursus dolor. Etiam massa sapien, porttitor at varius ut, dapibus sed nisl. Pellentesque vel consequat ligula. Quisque congue lectus non nisl mollis, sed interdum diam egestas. Morbi vitae leo pretium risus vehicula tincidunt. In nec felis at justo malesuada accumsan sit amet ac ex. Donec tempus odio eget ipsum consectetur semper. Curabitur efficitur dolor id nisi consequat, aliquet hendrerit ex finibus. Nulla interdum elit vitae tortor lobortis pellentesque. Nullam rutrum ullamcorper ex et venenatis. Maecenas ut lorem id lorem facilisis venenatis. Morbi non augue ut velit hendrerit feugiat.\r\n\r\nQuisque tincidunt laoreet semper. Sed venenatis imperdiet eros, in consectetur magna tempus sed. Phasellus pretium maximus dictum. Donec pharetra nisi mollis mi malesuada, at fringilla turpis pellentesque. Cras malesuada, est eget eleifend auctor, turpis elit pulvinar erat, sit amet bibendum enim lectus ut nisl. In egestas finibus pellentesque. Nam rutrum odio nibh, id auctor sem vulputate quis. ', NULL, NULL, 0),
(35, 1, '2018-02-04 18:31:27', 'Laoreet semper.', ' Aenean porta est risus, ac sagittis arcu dapibus in. Pellentesque sed auctor sem. Cras ut nunc vel lacus faucibus accumsan. Nulla commodo gravida ex vel blandit. Nulla facilisi. Integer urna neque, gravida in faucibus a, venenatis sit amet lacus. Praesent scelerisque mauris et nunc maximus, sed pellentesque elit accumsan. Nulla purus quam, accumsan ut risus laoreet, sagittis posuere neque. Vivamus at risus viverra, pellentesque diam eget, semper nibh. Aenean auctor posuere tortor, et aliquam ante finibus et. Phasellus id est mauris. Sed mollis malesuada lectus, et maximus neque consectetur et.\r\n\r\nEtiam egestas, turpis in rutrum pellentesque, erat leo tristique elit, ac venenatis erat nunc at metus. Sed quis odio sit amet lorem vehicula semper. Duis lacus magna, facilisis vel quam ut, commodo cursus dolor. Etiam massa sapien, porttitor at varius ut, dapibus sed nisl. Pellentesque vel consequat ligula. Quisque congue lectus non nisl mollis, sed interdum diam egestas. Morbi vitae leo pretium risus vehicula tincidunt. In nec felis at justo malesuada accumsan sit amet ac ex. Donec tempus odio eget ipsum consectetur semper. Curabitur efficitur dolor id nisi consequat, aliquet hendrerit ex finibus. Nulla interdum elit vitae tortor lobortis pellentesque. Nullam rutrum ullamcorper ex et venenatis. Maecenas ut lorem id lorem facilisis venenatis. Morbi non augue ut velit hendrerit feugiat.\r\n\r\nQuisque tincidunt laoreet semper. Sed venenatis imperdiet eros, in consectetur magna tempus sed. Phasellus pretium maximus dictum. Donec pharetra nisi mollis mi malesuada, at fringilla turpis pellentesque. Cras malesuada, est eget eleifend auctor, turpis elit pulvinar erat, sit amet bibendum enim lectus ut nisl. In egestas finibus pellentesque. Nam rutrum odio nibh, id auctor sem vulputate quis. ', NULL, NULL, 0),
(36, 1, '2018-02-04 18:31:27', 'Erat leo tristique elit.', ' Aenean porta est risus, ac sagittis arcu dapibus in. Pellentesque sed auctor sem. Cras ut nunc vel lacus faucibus accumsan. Nulla commodo gravida ex vel blandit. Nulla facilisi. Integer urna neque, gravida in faucibus a, venenatis sit amet lacus. Praesent scelerisque mauris et nunc maximus, sed pellentesque elit accumsan. Nulla purus quam, accumsan ut risus laoreet, sagittis posuere neque. Vivamus at risus viverra, pellentesque diam eget, semper nibh. Aenean auctor posuere tortor, et aliquam ante finibus et. Phasellus id est mauris. Sed mollis malesuada lectus, et maximus neque consectetur et.\r\n\r\nEtiam egestas, turpis in rutrum pellentesque, erat leo tristique elit, ac venenatis erat nunc at metus. Sed quis odio sit amet lorem vehicula semper. Duis lacus magna, facilisis vel quam ut, commodo cursus dolor. Etiam massa sapien, porttitor at varius ut, dapibus sed nisl. Pellentesque vel consequat ligula. Quisque congue lectus non nisl mollis, sed interdum diam egestas. Morbi vitae leo pretium risus vehicula tincidunt. In nec felis at justo malesuada accumsan sit amet ac ex. Donec tempus odio eget ipsum consectetur semper. Curabitur efficitur dolor id nisi consequat, aliquet hendrerit ex finibus. Nulla interdum elit vitae tortor lobortis pellentesque. Nullam rutrum ullamcorper ex et venenatis. Maecenas ut lorem id lorem facilisis venenatis. Morbi non augue ut velit hendrerit feugiat.\r\n\r\nQuisque tincidunt laoreet semper. Sed venenatis imperdiet eros, in consectetur magna tempus sed. Phasellus pretium maximus dictum. Donec pharetra nisi mollis mi malesuada, at fringilla turpis pellentesque. Cras malesuada, est eget eleifend auctor, turpis elit pulvinar erat, sit amet bibendum enim lectus ut nisl. In egestas finibus pellentesque. Nam rutrum odio nibh, id auctor sem vulputate quis. ', NULL, NULL, 0),
(37, 1, '2018-02-04 18:31:27', 'Quisque tincidunt laoreet semper.', ' Aenean porta est risus, ac sagittis arcu dapibus in. Pellentesque sed auctor sem. Cras ut nunc vel lacus faucibus accumsan. Nulla commodo gravida ex vel blandit. Nulla facilisi. Integer urna neque, gravida in faucibus a, venenatis sit amet lacus. Praesent scelerisque mauris et nunc maximus, sed pellentesque elit accumsan. Nulla purus quam, accumsan ut risus laoreet, sagittis posuere neque. Vivamus at risus viverra, pellentesque diam eget, semper nibh. Aenean auctor posuere tortor, et aliquam ante finibus et. Phasellus id est mauris. Sed mollis malesuada lectus, et maximus neque consectetur et.\r\n\r\nEtiam egestas, turpis in rutrum pellentesque, erat leo tristique elit, ac venenatis erat nunc at metus. Sed quis odio sit amet lorem vehicula semper. Duis lacus magna, facilisis vel quam ut, commodo cursus dolor. Etiam massa sapien, porttitor at varius ut, dapibus sed nisl. Pellentesque vel consequat ligula. Quisque congue lectus non nisl mollis, sed interdum diam egestas. Morbi vitae leo pretium risus vehicula tincidunt. In nec felis at justo malesuada accumsan sit amet ac ex. Donec tempus odio eget ipsum consectetur semper. Curabitur efficitur dolor id nisi consequat, aliquet hendrerit ex finibus. Nulla interdum elit vitae tortor lobortis pellentesque. Nullam rutrum ullamcorper ex et venenatis. Maecenas ut lorem id lorem facilisis venenatis. Morbi non augue ut velit hendrerit feugiat.\r\n\r\nQuisque tincidunt laoreet semper. Sed venenatis imperdiet eros, in consectetur magna tempus sed. Phasellus pretium maximus dictum. Donec pharetra nisi mollis mi malesuada, at fringilla turpis pellentesque. Cras malesuada, est eget eleifend auctor, turpis elit pulvinar erat, sit amet bibendum enim lectus ut nisl. In egestas finibus pellentesque. Nam rutrum odio nibh, id auctor sem vulputate quis. ', NULL, NULL, 0),
(38, 1, '2018-02-06 01:12:58', 'Quisque tincidunt laoreet semper.', ' Aenean porta est risus, ac sagittis arcu dapibus in. Pellentesque sed auctor sem. Cras ut nunc vel lacus faucibus accumsan. Nulla commodo gravida ex vel blandit. Nulla facilisi. Integer urna neque, gravida in faucibus a, venenatis sit amet lacus. Praesent scelerisque mauris et nunc maximus, sed pellentesque elit accumsan. Nulla purus quam, accumsan ut risus laoreet, sagittis posuere neque. Vivamus at risus viverra, pellentesque diam eget, semper nibh. Aenean auctor posuere tortor, et aliquam ante finibus et. Phasellus id est mauris. Sed mollis malesuada lectus, et maximus neque consectetur et.\r\n\r\nEtiam egestas, turpis in rutrum pellentesque, erat leo tristique elit, ac venenatis erat nunc at metus. Sed quis odio sit amet lorem vehicula semper. Duis lacus magna, facilisis vel quam ut, commodo cursus dolor. Etiam massa sapien, porttitor at varius ut, dapibus sed nisl. Pellentesque vel consequat ligula. Quisque congue lectus non nisl mollis, sed interdum diam egestas. Morbi vitae leo pretium risus vehicula tincidunt. In nec felis at justo malesuada accumsan sit amet ac ex. Donec tempus odio eget ipsum consectetur semper. Curabitur efficitur dolor id nisi consequat, aliquet hendrerit ex finibus. Nulla interdum elit vitae tortor lobortis pellentesque. Nullam rutrum ullamcorper ex et venenatis. Maecenas ut lorem id lorem facilisis venenatis. Morbi non augue ut velit hendrerit feugiat.\r\n\r\nQuisque tincidunt laoreet semper. Sed venenatis imperdiet eros, in consectetur magna tempus sed. Phasellus pretium maximus dictum. Donec pharetra nisi mollis mi malesuada, at fringilla turpis pellentesque. Cras malesuada, est eget eleifend auctor, turpis elit pulvinar erat, sit amet bibendum enim lectus ut nisl. In egestas finibus pellentesque. Nam rutrum odio nibh, id auctor sem vulputate quis. ', NULL, 3, 0),
(39, 1, '2018-02-16 01:33:04', 'Quisque tincidunt laoreet semper.', ' Aenean porta est risus, ac sagittis arcu dapibus in. Pellentesque sed auctor sem. Cras ut nunc vel lacus faucibus accumsan. Nulla commodo gravida ex vel blandit. Nulla facilisi. Integer urna neque, gravida in faucibus a, venenatis sit amet lacus. Praesent scelerisque mauris et nunc maximus, sed pellentesque elit accumsan. Nulla purus quam, accumsan ut risus laoreet, sagittis posuere neque. Vivamus at risus viverra, pellentesque diam eget, semper nibh. Aenean auctor posuere tortor, et aliquam ante finibus et. Phasellus id est mauris. Sed mollis malesuada lectus, et maximus neque consectetur et.\r\n\r\nEtiam egestas, turpis in rutrum pellentesque, erat leo tristique elit, ac venenatis erat nunc at metus. Sed quis odio sit amet lorem vehicula semper. Duis lacus magna, facilisis vel quam ut, commodo cursus dolor. Etiam massa sapien, porttitor at varius ut, dapibus sed nisl. Pellentesque vel consequat ligula. Quisque congue lectus non nisl mollis, sed interdum diam egestas. Morbi vitae leo pretium risus vehicula tincidunt. In nec felis at justo malesuada accumsan sit amet ac ex. Donec tempus odio eget ipsum consectetur semper. Curabitur efficitur dolor id nisi consequat, aliquet hendrerit ex finibus. Nulla interdum elit vitae tortor lobortis pellentesque. Nullam rutrum ullamcorper ex et venenatis. Maecenas ut lorem id lorem facilisis venenatis. Morbi non augue ut velit hendrerit feugiat.\r\n\r\nQuisque tincidunt laoreet semper. Sed venenatis imperdiet eros, in consectetur magna tempus sed. Phasellus pretium maximus dictum. Donec pharetra nisi mollis mi malesuada, at fringilla turpis pellentesque. Cras malesuada, est eget eleifend auctor, turpis elit pulvinar erat, sit amet bibendum enim lectus ut nisl. In egestas finibus pellentesque. Nam rutrum odio nibh, id auctor sem vulputate quis. ', NULL, 65, 0),
(40, 1, '2018-02-16 18:04:11', 'Gmaximus neque consectetur.', ' Aenean porta est risus, ac sagittis arcu dapibus in. Pellentesque sed auctor sem. Cras ut nunc vel lacus faucibus accumsan. Nulla commodo gravida ex vel blandit. Nulla facilisi. Integer urna neque, gravida in faucibus a, venenatis sit amet lacus. Praesent scelerisque mauris et nunc maximus, sed pellentesque elit accumsan. Nulla purus quam, accumsan ut risus laoreet, sagittis posuere neque. Vivamus at risus viverra, pellentesque diam eget, semper nibh. Aenean auctor posuere tortor, et aliquam ante finibus et. Phasellus id est mauris. Sed mollis malesuada lectus, et maximus neque consectetur et.\r\n\r\nEtiam egestas, turpis in rutrum pellentesque, erat leo tristique elit, ac venenatis erat nunc at metus. Sed quis odio sit amet lorem vehicula semper. Duis lacus magna, facilisis vel quam ut, commodo cursus dolor. Etiam massa sapien, porttitor at varius ut, dapibus sed nisl. Pellentesque vel consequat ligula. Quisque congue lectus non nisl mollis, sed interdum diam egestas. Morbi vitae leo pretium risus vehicula tincidunt. In nec felis at justo malesuada accumsan sit amet ac ex. Donec tempus odio eget ipsum consectetur semper. Curabitur efficitur dolor id nisi consequat, aliquet hendrerit ex finibus. Nulla interdum elit vitae tortor lobortis pellentesque. Nullam rutrum ullamcorper ex et venenatis. Maecenas ut lorem id lorem facilisis venenatis. Morbi non augue ut velit hendrerit feugiat.\r\n\r\nQuisque tincidunt laoreet semper. Sed venenatis imperdiet eros, in consectetur magna tempus sed. Phasellus pretium maximus dictum. Donec pharetra nisi mollis mi malesuada, at fringilla turpis pellentesque. Cras malesuada, est eget eleifend auctor, turpis elit pulvinar erat, sit amet bibendum enim lectus ut nisl. In egestas finibus pellentesque. Nam rutrum odio nibh, id auctor sem vulputate quis. ', '1518800651', 96, 1),
(41, 1, '2018-02-09 16:27:33', 'Quisque tincidunt laoreet semper.', ' Aenean porta est risus, ac sagittis arcu dapibus in. Pellentesque sed auctor sem. Cras ut nunc vel lacus faucibus accumsan. Nulla commodo gravida ex vel blandit. Nulla facilisi. Integer urna neque, gravida in faucibus a, venenatis sit amet lacus. Praesent scelerisque mauris et nunc maximus, sed pellentesque elit accumsan. Nulla purus quam, accumsan ut risus laoreet, sagittis posuere neque. Vivamus at risus viverra, pellentesque diam eget, semper nibh. Aenean auctor posuere tortor, et aliquam ante finibus et. Phasellus id est mauris. Sed mollis malesuada lectus, et maximus neque consectetur et.\r\n\r\nEtiam egestas, turpis in rutrum pellentesque, erat leo tristique elit, ac venenatis erat nunc at metus. Sed quis odio sit amet lorem vehicula semper. Duis lacus magna, facilisis vel quam ut, commodo cursus dolor. Etiam massa sapien, porttitor at varius ut, dapibus sed nisl. Pellentesque vel consequat ligula. Quisque congue lectus non nisl mollis, sed interdum diam egestas. Morbi vitae leo pretium risus vehicula tincidunt. In nec felis at justo malesuada accumsan sit amet ac ex. Donec tempus odio eget ipsum consectetur semper. Curabitur efficitur dolor id nisi consequat, aliquet hendrerit ex finibus. Nulla interdum elit vitae tortor lobortis pellentesque. Nullam rutrum ullamcorper ex et venenatis. Maecenas ut lorem id lorem facilisis venenatis. Morbi non augue ut velit hendrerit feugiat.\r\n\r\nQuisque tincidunt laoreet semper. Sed venenatis imperdiet eros, in consectetur magna tempus sed. Phasellus pretium maximus dictum. Donec pharetra nisi mollis mi malesuada, at fringilla turpis pellentesque. Cras malesuada, est eget eleifend auctor, turpis elit pulvinar erat, sit amet bibendum enim lectus ut nisl. In egestas finibus pellentesque. Nam rutrum odio nibh, id auctor sem vulputate quis. ', NULL, 170, 0),
(42, 1, '2018-02-12 19:26:29', 'Quisque tincidunt laoreet semper.', ' Aenean porta est risus, ac sagittis arcu dapibus in. Pellentesque sed auctor sem. Cras ut nunc vel lacus faucibus accumsan. Nulla commodo gravida ex vel blandit. Nulla facilisi. Integer urna neque, gravida in faucibus a, venenatis sit amet lacus. Praesent scelerisque mauris et nunc maximus, sed pellentesque elit accumsan. Nulla purus quam, accumsan ut risus laoreet, sagittis posuere neque. Vivamus at risus viverra, pellentesque diam eget, semper nibh. Aenean auctor posuere tortor, et aliquam ante finibus et. Phasellus id est mauris. Sed mollis malesuada lectus, et maximus neque consectetur et.\r\n\r\nEtiam egestas, turpis in rutrum pellentesque, erat leo tristique elit, ac venenatis erat nunc at metus. Sed quis odio sit amet lorem vehicula semper. Duis lacus magna, facilisis vel quam ut, commodo cursus dolor. Etiam massa sapien, porttitor at varius ut, dapibus sed nisl. Pellentesque vel consequat ligula. Quisque congue lectus non nisl mollis, sed interdum diam egestas. Morbi vitae leo pretium risus vehicula tincidunt. In nec felis at justo malesuada accumsan sit amet ac ex. Donec tempus odio eget ipsum consectetur semper. Curabitur efficitur dolor id nisi consequat, aliquet hendrerit ex finibus. Nulla interdum elit vitae tortor lobortis pellentesque. Nullam rutrum ullamcorper ex et venenatis. Maecenas ut lorem id lorem facilisis venenatis. Morbi non augue ut velit hendrerit feugiat.\r\n\r\nQuisque tincidunt laoreet semper. Sed venenatis imperdiet eros, in consectetur magna tempus sed. Phasellus pretium maximus dictum. Donec pharetra nisi mollis mi malesuada, at fringilla turpis pellentesque. Cras malesuada, est eget eleifend auctor, turpis elit pulvinar erat, sit amet bibendum enim lectus ut nisl. In egestas finibus pellentesque. Nam rutrum odio nibh, id auctor sem vulputate quis. ', NULL, 315, 0),
(43, 2, '2018-02-14 01:37:06', 'Sed non sem accumsan.', 'Suspendisse ut faucibus arcu. Vivamus nec quam ut risus tempus aliquet sed eget dui. Integer vitae quam quam. Suspendisse lacinia pellentesque mi, sed gravida enim gravida gravida. Nulla at quam id massa commodo aliquet ac sit amet purus. Nam ligula diam, vulputate id leo in, egestas lobortis nunc. Fusce luctus commodo tellus, vel facilisis turpis scelerisque quis. Ut congue semper nulla, non ornare est rhoncus eget. Mauris ornare pulvinar fermentum. Maecenas rhoncus non orci eu laoreet. Sed non sem accumsan, tincidunt augue sed, aliquam nulla. Aliquam vitae consectetur dolor, ut placerat urna. Donec maximus vestibulum dignissim. ', NULL, 17, 0),
(44, 2, '2018-02-13 17:03:55', 'Sed non sem accumsan.', 'Suspendisse ut faucibus arcu. Vivamus nec quam ut risus tempus aliquet sed eget dui. Integer vitae quam quam. Suspendisse lacinia pellentesque mi, sed gravida enim gravida gravida. Nulla at quam id massa commodo aliquet ac sit amet purus. Nam ligula diam, vulputate id leo in, egestas lobortis nunc. Fusce luctus commodo tellus, vel facilisis turpis scelerisque quis. Ut congue semper nulla, non ornare est rhoncus eget. Mauris ornare pulvinar fermentum. Maecenas rhoncus non orci eu laoreet. Sed non sem accumsan, tincidunt augue sed, aliquam nulla. Aliquam vitae consectetur dolor, ut placerat urna. Donec maximus vestibulum dignissim. ', NULL, 53, 0),
(45, 2, '2018-02-14 01:34:47', 'Maecenas quis iaculis tellus. ', ' Vivamus sit amet aliquam odio. Suspendisse eget nunc efficitur lacus bibendum convallis. Etiam arcu quam, laoreet at sapien et, sollicitudin pulvinar nibh. Donec feugiat porta felis, vitae pharetra metus tincidunt a. Maecenas sit amet erat dictum, rutrum nisi et, euismod dui. Suspendisse fringilla non odio sed tristique. Fusce tellus mauris, egestas in porta vitae, varius a metus. Proin enim est, eleifend eu risus in, finibus pharetra tellus. Orci varius natoque penatibus et magnis dis parturient montes, nascetur ridiculus mus. Integer lectus ipsum, tempor ut facilisis sit amet, ornare elementum augue. Praesent metus felis, pulvinar quis eleifend non, accumsan sed arcu.\r\n\r\nUt accumsan lacus at fermentum placerat. Quisque congue non est non porta. Nulla lacinia scelerisque augue, at egestas ex tempor fringilla. Etiam quis nisl mattis, ornare mauris vitae, porttitor lacus. Maecenas quis iaculis tellus. Pellentesque nec lobortis nisl. Integer non purus eget mauris pretium ultrices quis at odio. Proin maximus sem mi, a finibus sem lobortis non. Mauris vitae porttitor nibh. ', '1518087138', 40, 0),
(46, 2, '2018-02-15 10:58:43', 'Maecenas quis iaculis tellus. ', ' Vivamus sit amet aliquam odio. Suspendisse eget nunc efficitur lacus bibendum convallis. Etiam arcu quam, laoreet at sapien et, sollicitudin pulvinar nibh. Donec feugiat porta felis, vitae pharetra metus tincidunt a. Maecenas sit amet erat dictum, rutrum nisi et, euismod dui. Suspendisse fringilla non odio sed tristique. Fusce tellus mauris, egestas in porta vitae, varius a metus. Proin enim est, eleifend eu risus in, finibus pharetra tellus. Orci varius natoque penatibus et magnis dis parturient montes, nascetur ridiculus mus. Integer lectus ipsum, tempor ut facilisis sit amet, ornare elementum augue. Praesent metus felis, pulvinar quis eleifend non, accumsan sed arcu.\r\n\r\nUt accumsan lacus at fermentum placerat. Quisque congue non est non porta. Nulla lacinia scelerisque augue, at egestas ex tempor fringilla. Etiam quis nisl mattis, ornare mauris vitae, porttitor lacus. Maecenas quis iaculis tellus. Pellentesque nec lobortis nisl. Integer non purus eget mauris pretium ultrices quis at odio. Proin maximus sem mi, a finibus sem lobortis non. Mauris vitae porttitor nibh. ', '1518087131', 160, 0),
(47, 2, '2018-02-13 15:32:21', 'Nam ligula diam, vulputate id leo in, egestas lobortis nunc.', ' Integer nec felis euismod, lobortis dui at, luctus nibh. Nam purus enim, vulputate vitae consectetur sit amet, scelerisque et magna. Integer volutpat sagittis fermentum. Nullam a nisl non quam fermentum tincidunt. Nam non lacus neque. Integer sit amet odio eu quam semper rutrum. Maecenas euismod, eros id luctus vehicula, erat felis vestibulum tellus, sit amet suscipit metus eros a nunc. Donec egestas rhoncus urna, non lobortis dolor. Aenean lacinia, justo eu venenatis commodo, dui lorem varius nulla, non feugiat ex mauris at felis. Nam elementum, nibh sit amet sodales ornare, nisi tortor cursus risus, in fermentum lectus dolor id sem. Phasellus ultrices auctor ipsum id molestie. Nam dictum, libero aliquam venenatis vestibulum, risus mi euismod risus, eget ullamcorper libero purus sed velit. Proin dui augue, lacinia non lectus ut, vestibulum cursus nulla.\r\n\r\nSuspendisse ut faucibus arcu. Vivamus nec quam ut risus tempus aliquet sed eget dui. Integer vitae quam quam. Suspendisse lacinia pellentesque mi, sed gravida enim gravida gravida. Nulla at quam id massa commodo aliquet ac sit amet purus. Nam ligula diam, vulputate id leo in, egestas lobortis nunc. Fusce luctus commodo tellus, vel facilisis turpis scelerisque quis. Ut congue semper nulla, non ornare est rhoncus eget. Mauris ornare pulvinar fermentum. Maecenas rhoncus non orci eu laoreet. Sed non sem accumsan, tincidunt augue sed, aliquam nulla. Aliquam vitae consectetur dolor, ut placerat urna. Donec maximus vestibulum dignissim. ', '1518087088', 49, 0),
(48, 2, '2018-02-14 01:35:06', 'Nam ligula diam, vulputate id leo in, egestas lobortis nunc.', ' Integer nec felis euismod, lobortis dui at, luctus nibh. Nam purus enim, vulputate vitae consectetur sit amet, scelerisque et magna. Integer volutpat sagittis fermentum. Nullam a nisl non quam fermentum tincidunt. Nam non lacus neque. Integer sit amet odio eu quam semper rutrum. Maecenas euismod, eros id luctus vehicula, erat felis vestibulum tellus, sit amet suscipit metus eros a nunc. Donec egestas rhoncus urna, non lobortis dolor. Aenean lacinia, justo eu venenatis commodo, dui lorem varius nulla, non feugiat ex mauris at felis. Nam elementum, nibh sit amet sodales ornare, nisi tortor cursus risus, in fermentum lectus dolor id sem. Phasellus ultrices auctor ipsum id molestie. Nam dictum, libero aliquam venenatis vestibulum, risus mi euismod risus, eget ullamcorper libero purus sed velit. Proin dui augue, lacinia non lectus ut, vestibulum cursus nulla.\r\n\r\nSuspendisse ut faucibus arcu. Vivamus nec quam ut risus tempus aliquet sed eget dui. Integer vitae quam quam. Suspendisse lacinia pellentesque mi, sed gravida enim gravida gravida. Nulla at quam id massa commodo aliquet ac sit amet purus. Nam ligula diam, vulputate id leo in, egestas lobortis nunc. Fusce luctus commodo tellus, vel facilisis turpis scelerisque quis. Ut congue semper nulla, non ornare est rhoncus eget. Mauris ornare pulvinar fermentum. Maecenas rhoncus non orci eu laoreet. Sed non sem accumsan, tincidunt augue sed, aliquam nulla. Aliquam vitae consectetur dolor, ut placerat urna. Donec maximus vestibulum dignissim. ', '1518087058', 113, 0),
(49, 3, '2018-02-14 01:20:27', 'Lorem ipsum dolor sit amet, consectetur adipiscing elit.', ' Lorem ipsum dolor sit amet, consectetur adipiscing elit. Maecenas porta elit sed quam condimentum, non ultricies ligula tristique. Pellentesque mollis nibh erat. Integer commodo quam et ligula feugiat ultricies quis eu enim. Quisque in auctor tortor. Nullam vitae ante maximus, tincidunt nisl sed, porta augue. Phasellus at faucibus risus. Maecenas tincidunt efficitur lacus, a lobortis mi hendrerit et. Curabitur ligula odio, finibus a tortor a, aliquet pretium lectus. Mauris consectetur dignissim mauris at ultricies. Aliquam faucibus lorem sed velit egestas tristique.\r\n\r\nInteger nec felis euismod, lobortis dui at, luctus nibh. Nam purus enim, vulputate vitae consectetur sit amet, scelerisque et magna. Integer volutpat sagittis fermentum. Nullam a nisl non quam fermentum tincidunt. Nam non lacus neque. Integer sit amet odio eu quam semper rutrum. Maecenas euismod, eros id luctus vehicula, erat felis vestibulum tellus, sit amet suscipit metus eros a nunc. Donec egestas rhoncus urna, non lobortis dolor. Aenean lacinia, justo eu venenatis commodo, dui lorem varius nulla, non feugiat ex mauris at felis. Nam elementum, nibh sit amet sodales ornare, nisi tortor cursus risus, in fermentum lectus dolor id sem. Phasellus ultrices auctor ipsum id molestie. Nam dictum, libero aliquam venenatis vestibulum, risus mi euismod risus, eget ullamcorper libero purus sed velit. Proin dui augue, lacinia non lectus ut, vestibulum cursus nulla.\r\n\r\nSuspendisse ut faucibus arcu. Vivamus nec quam ut risus tempus aliquet sed eget dui. Integer vitae quam quam. Suspendisse lacinia pellentesque mi, sed gravida enim gravida gravida. Nulla at quam id massa commodo aliquet ac sit amet purus. Nam ligula diam, vulputate id leo in, egestas lobortis nunc. Fusce luctus commodo tellus, vel facilisis turpis scelerisque quis. Ut congue semper nulla, non ornare est rhoncus eget. Mauris ornare pulvinar fermentum. Maecenas rhoncus non orci eu laoreet. Sed non sem acc', '1518086708', 116, 0),
(50, 1, '2018-02-16 12:59:27', 'Vac, luctus in leo.', 'Lorem ipsum dolor sit amet, consectetur adipiscing elit. Aliquam nec nibh in ex euismod finibus non in erat. Fusce finibus odio sit amet quam feugiat fermentum. Aenean non auctor ex. Fusce porta lacinia risus ac bibendum. Nam mauris nunc, dignissim consectetur pharetra ac, luctus in leo. Fusce ultrices nulla eget nunc gravida pulvinar. Nunc semper quis quam sodales commodo. Ut lorem ligula, luctus vitae enim nec, varius auctor sapien. Nunc leo lacus, commodo vel ultrices ac, pellentesque in ante. Vestibulum vitae condimentum metus. Vivamus nibh nulla, tempus sed eros at, scelerisque pellentesque ante. Maecenas semper feugiat nisl, sed venenatis nisi volutpat vel. Morbi ac nisl felis. Donec gravida mi eget efficitur egestas. ', '1518173592', 1658, 1),
(61, 4, '2018-02-16 17:16:20', 'Gnec lobortis sem, at gravida purus.', ' Sed at lacus dui. Praesent elementum purus in mollis varius. Duis vel vulputate mi. Sed a dolor id massa accumsan vestibulum eu quis erat. Suspendisse ultricies tortor lorem, eget dictum dui ullamcorper nec. Sed eget velit eu risus gravida tempor. Quisque eu tincidunt nisl. Ut eu ultricies nisi. Donec consectetur purus in metus lobortis consequat. Morbi quis rhoncus dolor, eu sagittis nunc. Duis dignissim ipsum turpis. Nunc sit amet consectetur massa, et auctor justo. Morbi rhoncus fermentum nulla ut feugiat. Nunc odio tellus, luctus ac efficitur in, porttitor et ex. Duis nec lobortis sem, at gravida purus.\r\n\r\nLorem ipsum dolor sit amet, consectetur adipiscing elit. Mauris nec vehicula lectus. Nulla pulvinar dolor id molestie efficitur. Phasellus sed libero nec risus faucibus dignissim nec nec ex. Praesent sit amet feugiat sapien, sit amet rhoncus mauris. Nam tristique cursus massa nec molestie. Sed et hendrerit dui, et sagittis magna. Phasellus ut turpis sem. Mauris ipsum ligula, viverra non venenatis at, tempus id enim. Ut laoreet elit vitae ipsum varius volutpat. Vestibulum semper euismod bibendum. Pellentesque habitant morbi tristique senectus et netus et malesuada fames ac turpis egestas. Ut volutpat dapibus interdum. Praesent mattis accumsan vestibulum.\r\n\r\nMaecenas consectetur, leo in porta placerat, ex ex pretium purus, ac venenatis risus nunc ac magna. Nam in lorem nunc. Donec iaculis neque id lacus ultrices, cursus luctus est congue. In hac habitasse platea dictumst. Donec mollis enim a est tincidunt venenatis. Sed luctus vestibulum nulla nec suscipit. Ut sodales, ipsum a iaculis tincidunt, mauris ex efficitur ante, vel malesuada lacus quam id tortor. Phasellus a finibus dolor. Sed ultricies massa nunc, dictum pellentesque ligula posuere nec. Sed dui turpis, malesuada non ex eu, viverra lobortis urna. Mauris et porta leo, mollis aliquam orci. Nulla a ex quam. ', '1518797780', 0, 1),
(62, 4, '2018-02-16 00:00:00', 'Dliquam orci. Nulla a ex quam.', ' Sed at lacus dui. Praesent elementum purus in mollis varius. Duis vel vulputate mi. Sed a dolor id massa accumsan vestibulum eu quis erat. Suspendisse ultricies tortor lorem, eget dictum dui ullamcorper nec. Sed eget velit eu risus gravida tempor. Quisque eu tincidunt nisl. Ut eu ultricies nisi. Donec consectetur purus in metus lobortis consequat. Morbi quis rhoncus dolor, eu sagittis nunc. Duis dignissim ipsum turpis. Nunc sit amet consectetur massa, et auctor justo. Morbi rhoncus fermentum nulla ut feugiat. Nunc odio tellus, luctus ac efficitur in, porttitor et ex. Duis nec lobortis sem, at gravida purus.\r\n\r\nLorem ipsum dolor sit amet, consectetur adipiscing elit. Mauris nec vehicula lectus. Nulla pulvinar dolor id molestie efficitur. Phasellus sed libero nec risus faucibus dignissim nec nec ex. Praesent sit amet feugiat sapien, sit amet rhoncus mauris. Nam tristique cursus massa nec molestie. Sed et hendrerit dui, et sagittis magna. Phasellus ut turpis sem. Mauris ipsum ligula, viverra non venenatis at, tempus id enim. Ut laoreet elit vitae ipsum varius volutpat. Vestibulum semper euismod bibendum. Pellentesque habitant morbi tristique senectus et netus et malesuada fames ac turpis egestas. Ut volutpat dapibus interdum. Praesent mattis accumsan vestibulum.\r\n\r\nMaecenas consectetur, leo in porta placerat, ex ex pretium purus, ac venenatis risus nunc ac magna. Nam in lorem nunc. Donec iaculis neque id lacus ultrices, cursus luctus est congue. In hac habitasse platea dictumst. Donec mollis enim a est tincidunt venenatis. Sed luctus vestibulum nulla nec suscipit. Ut sodales, ipsum a iaculis tincidunt, mauris ex efficitur ante, vel malesuada lacus quam id tortor. Phasellus a finibus dolor. Sed ultricies massa nunc, dictum pellentesque ligula posuere nec. Sed dui turpis, malesuada non ex eu, viverra lobortis urna. Mauris et porta leo, mollis aliquam orci. Nulla a ex quam. ', NULL, 0, 0),
(63, 4, '2018-02-16 00:00:00', 'Bmollis aliquam orci. Nulla a ex quam.', ' Sed at lacus dui. Praesent elementum purus in mollis varius. Duis vel vulputate mi. Sed a dolor id massa accumsan vestibulum eu quis erat. Suspendisse ultricies tortor lorem, eget dictum dui ullamcorper nec. Sed eget velit eu risus gravida tempor. Quisque eu tincidunt nisl. Ut eu ultricies nisi. Donec consectetur purus in metus lobortis consequat. Morbi quis rhoncus dolor, eu sagittis nunc. Duis dignissim ipsum turpis. Nunc sit amet consectetur massa, et auctor justo. Morbi rhoncus fermentum nulla ut feugiat. Nunc odio tellus, luctus ac efficitur in, porttitor et ex. Duis nec lobortis sem, at gravida purus.\r\n\r\nLorem ipsum dolor sit amet, consectetur adipiscing elit. Mauris nec vehicula lectus. Nulla pulvinar dolor id molestie efficitur. Phasellus sed libero nec risus faucibus dignissim nec nec ex. Praesent sit amet feugiat sapien, sit amet rhoncus mauris. Nam tristique cursus massa nec molestie. Sed et hendrerit dui, et sagittis magna. Phasellus ut turpis sem. Mauris ipsum ligula, viverra non venenatis at, tempus id enim. Ut laoreet elit vitae ipsum varius volutpat. Vestibulum semper euismod bibendum. Pellentesque habitant morbi tristique senectus et netus et malesuada fames ac turpis egestas. Ut volutpat dapibus interdum. Praesent mattis accumsan vestibulum.\r\n\r\nMaecenas consectetur, leo in porta placerat, ex ex pretium purus, ac venenatis risus nunc ac magna. Nam in lorem nunc. Donec iaculis neque id lacus ultrices, cursus luctus est congue. In hac habitasse platea dictumst. Donec mollis enim a est tincidunt venenatis. Sed luctus vestibulum nulla nec suscipit. Ut sodales, ipsum a iaculis tincidunt, mauris ex efficitur ante, vel malesuada lacus quam id tortor. Phasellus a finibus dolor. Sed ultricies massa nunc, dictum pellentesque ligula posuere nec. Sed dui turpis, malesuada non ex eu, viverra lobortis urna. Mauris et porta leo, mollis aliquam orci. Nulla a ex quam. ', NULL, 0, 0),
(64, 4, '2018-02-16 00:00:00', 'Nulla a ex quam.', ' Sed at lacus dui. Praesent elementum purus in mollis varius. Duis vel vulputate mi. Sed a dolor id massa accumsan vestibulum eu quis erat. Suspendisse ultricies tortor lorem, eget dictum dui ullamcorper nec. Sed eget velit eu risus gravida tempor. Quisque eu tincidunt nisl. Ut eu ultricies nisi. Donec consectetur purus in metus lobortis consequat. Morbi quis rhoncus dolor, eu sagittis nunc. Duis dignissim ipsum turpis. Nunc sit amet consectetur massa, et auctor justo. Morbi rhoncus fermentum nulla ut feugiat. Nunc odio tellus, luctus ac efficitur in, porttitor et ex. Duis nec lobortis sem, at gravida purus.\r\n\r\nLorem ipsum dolor sit amet, consectetur adipiscing elit. Mauris nec vehicula lectus. Nulla pulvinar dolor id molestie efficitur. Phasellus sed libero nec risus faucibus dignissim nec nec ex. Praesent sit amet feugiat sapien, sit amet rhoncus mauris. Nam tristique cursus massa nec molestie. Sed et hendrerit dui, et sagittis magna. Phasellus ut turpis sem. Mauris ipsum ligula, viverra non venenatis at, tempus id enim. Ut laoreet elit vitae ipsum varius volutpat. Vestibulum semper euismod bibendum. Pellentesque habitant morbi tristique senectus et netus et malesuada fames ac turpis egestas. Ut volutpat dapibus interdum. Praesent mattis accumsan vestibulum.\r\n\r\nMaecenas consectetur, leo in porta placerat, ex ex pretium purus, ac venenatis risus nunc ac magna. Nam in lorem nunc. Donec iaculis neque id lacus ultrices, cursus luctus est congue. In hac habitasse platea dictumst. Donec mollis enim a est tincidunt venenatis. Sed luctus vestibulum nulla nec suscipit. Ut sodales, ipsum a iaculis tincidunt, mauris ex efficitur ante, vel malesuada lacus quam id tortor. Phasellus a finibus dolor. Sed ultricies massa nunc, dictum pellentesque ligula posuere nec. Sed dui turpis, malesuada non ex eu, viverra lobortis urna. Mauris et porta leo, mollis aliquam orci. Nulla a ex quam. ', NULL, 0, 0),
(65, 4, '2018-02-16 00:00:00', 'Bmollis aliquam orci. Nulla a ex quam.', ' Sed at lacus dui. Praesent elementum purus in mollis varius. Duis vel vulputate mi. Sed a dolor id massa accumsan vestibulum eu quis erat. Suspendisse ultricies tortor lorem, eget dictum dui ullamcorper nec. Sed eget velit eu risus gravida tempor. Quisque eu tincidunt nisl. Ut eu ultricies nisi. Donec consectetur purus in metus lobortis consequat. Morbi quis rhoncus dolor, eu sagittis nunc. Duis dignissim ipsum turpis. Nunc sit amet consectetur massa, et auctor justo. Morbi rhoncus fermentum nulla ut feugiat. Nunc odio tellus, luctus ac efficitur in, porttitor et ex. Duis nec lobortis sem, at gravida purus.\r\n\r\nLorem ipsum dolor sit amet, consectetur adipiscing elit. Mauris nec vehicula lectus. Nulla pulvinar dolor id molestie efficitur. Phasellus sed libero nec risus faucibus dignissim nec nec ex. Praesent sit amet feugiat sapien, sit amet rhoncus mauris. Nam tristique cursus massa nec molestie. Sed et hendrerit dui, et sagittis magna. Phasellus ut turpis sem. Mauris ipsum ligula, viverra non venenatis at, tempus id enim. Ut laoreet elit vitae ipsum varius volutpat. Vestibulum semper euismod bibendum. Pellentesque habitant morbi tristique senectus et netus et malesuada fames ac turpis egestas. Ut volutpat dapibus interdum. Praesent mattis accumsan vestibulum.\r\n\r\nMaecenas consectetur, leo in porta placerat, ex ex pretium purus, ac venenatis risus nunc ac magna. Nam in lorem nunc. Donec iaculis neque id lacus ultrices, cursus luctus est congue. In hac habitasse platea dictumst. Donec mollis enim a est tincidunt venenatis. Sed luctus vestibulum nulla nec suscipit. Ut sodales, ipsum a iaculis tincidunt, mauris ex efficitur ante, vel malesuada lacus quam id tortor. Phasellus a finibus dolor. Sed ultricies massa nunc, dictum pellentesque ligula posuere nec. Sed dui turpis, malesuada non ex eu, viverra lobortis urna. Mauris et porta leo, mollis aliquam orci. Nulla a ex quam. ', NULL, 0, 0);
INSERT INTO `news` (`id`, `id_category`, `date`, `title`, `content`, `img_dir`, `views`, `analytics`) VALUES
(66, 4, '2018-02-16 00:00:00', 'Bmollis aliquam orci. Nulla a ex quam.', ' Sed at lacus dui. Praesent elementum purus in mollis varius. Duis vel vulputate mi. Sed a dolor id massa accumsan vestibulum eu quis erat. Suspendisse ultricies tortor lorem, eget dictum dui ullamcorper nec. Sed eget velit eu risus gravida tempor. Quisque eu tincidunt nisl. Ut eu ultricies nisi. Donec consectetur purus in metus lobortis consequat. Morbi quis rhoncus dolor, eu sagittis nunc. Duis dignissim ipsum turpis. Nunc sit amet consectetur massa, et auctor justo. Morbi rhoncus fermentum nulla ut feugiat. Nunc odio tellus, luctus ac efficitur in, porttitor et ex. Duis nec lobortis sem, at gravida purus.\r\n\r\nLorem ipsum dolor sit amet, consectetur adipiscing elit. Mauris nec vehicula lectus. Nulla pulvinar dolor id molestie efficitur. Phasellus sed libero nec risus faucibus dignissim nec nec ex. Praesent sit amet feugiat sapien, sit amet rhoncus mauris. Nam tristique cursus massa nec molestie. Sed et hendrerit dui, et sagittis magna. Phasellus ut turpis sem. Mauris ipsum ligula, viverra non venenatis at, tempus id enim. Ut laoreet elit vitae ipsum varius volutpat. Vestibulum semper euismod bibendum. Pellentesque habitant morbi tristique senectus et netus et malesuada fames ac turpis egestas. Ut volutpat dapibus interdum. Praesent mattis accumsan vestibulum.\r\n\r\nMaecenas consectetur, leo in porta placerat, ex ex pretium purus, ac venenatis risus nunc ac magna. Nam in lorem nunc. Donec iaculis neque id lacus ultrices, cursus luctus est congue. In hac habitasse platea dictumst. Donec mollis enim a est tincidunt venenatis. Sed luctus vestibulum nulla nec suscipit. Ut sodales, ipsum a iaculis tincidunt, mauris ex efficitur ante, vel malesuada lacus quam id tortor. Phasellus a finibus dolor. Sed ultricies massa nunc, dictum pellentesque ligula posuere nec. Sed dui turpis, malesuada non ex eu, viverra lobortis urna. Mauris et porta leo, mollis aliquam orci. Nulla a ex quam. ', NULL, 0, 0),
(67, 4, '2018-02-16 00:00:00', 'Bmollis aliquam orci. Nulla a ex quam.', ' Sed at lacus dui. Praesent elementum purus in mollis varius. Duis vel vulputate mi. Sed a dolor id massa accumsan vestibulum eu quis erat. Suspendisse ultricies tortor lorem, eget dictum dui ullamcorper nec. Sed eget velit eu risus gravida tempor. Quisque eu tincidunt nisl. Ut eu ultricies nisi. Donec consectetur purus in metus lobortis consequat. Morbi quis rhoncus dolor, eu sagittis nunc. Duis dignissim ipsum turpis. Nunc sit amet consectetur massa, et auctor justo. Morbi rhoncus fermentum nulla ut feugiat. Nunc odio tellus, luctus ac efficitur in, porttitor et ex. Duis nec lobortis sem, at gravida purus.\r\n\r\nLorem ipsum dolor sit amet, consectetur adipiscing elit. Mauris nec vehicula lectus. Nulla pulvinar dolor id molestie efficitur. Phasellus sed libero nec risus faucibus dignissim nec nec ex. Praesent sit amet feugiat sapien, sit amet rhoncus mauris. Nam tristique cursus massa nec molestie. Sed et hendrerit dui, et sagittis magna. Phasellus ut turpis sem. Mauris ipsum ligula, viverra non venenatis at, tempus id enim. Ut laoreet elit vitae ipsum varius volutpat. Vestibulum semper euismod bibendum. Pellentesque habitant morbi tristique senectus et netus et malesuada fames ac turpis egestas. Ut volutpat dapibus interdum. Praesent mattis accumsan vestibulum.\r\n\r\nMaecenas consectetur, leo in porta placerat, ex ex pretium purus, ac venenatis risus nunc ac magna. Nam in lorem nunc. Donec iaculis neque id lacus ultrices, cursus luctus est congue. In hac habitasse platea dictumst. Donec mollis enim a est tincidunt venenatis. Sed luctus vestibulum nulla nec suscipit. Ut sodales, ipsum a iaculis tincidunt, mauris ex efficitur ante, vel malesuada lacus quam id tortor. Phasellus a finibus dolor. Sed ultricies massa nunc, dictum pellentesque ligula posuere nec. Sed dui turpis, malesuada non ex eu, viverra lobortis urna. Mauris et porta leo, mollis aliquam orci. Nulla a ex quam. ', NULL, 0, 0),
(68, 4, '2018-02-16 00:00:00', 'Bmollis aliquam orci. Nulla a ex quam.', ' Sed at lacus dui. Praesent elementum purus in mollis varius. Duis vel vulputate mi. Sed a dolor id massa accumsan vestibulum eu quis erat. Suspendisse ultricies tortor lorem, eget dictum dui ullamcorper nec. Sed eget velit eu risus gravida tempor. Quisque eu tincidunt nisl. Ut eu ultricies nisi. Donec consectetur purus in metus lobortis consequat. Morbi quis rhoncus dolor, eu sagittis nunc. Duis dignissim ipsum turpis. Nunc sit amet consectetur massa, et auctor justo. Morbi rhoncus fermentum nulla ut feugiat. Nunc odio tellus, luctus ac efficitur in, porttitor et ex. Duis nec lobortis sem, at gravida purus.\r\n\r\nLorem ipsum dolor sit amet, consectetur adipiscing elit. Mauris nec vehicula lectus. Nulla pulvinar dolor id molestie efficitur. Phasellus sed libero nec risus faucibus dignissim nec nec ex. Praesent sit amet feugiat sapien, sit amet rhoncus mauris. Nam tristique cursus massa nec molestie. Sed et hendrerit dui, et sagittis magna. Phasellus ut turpis sem. Mauris ipsum ligula, viverra non venenatis at, tempus id enim. Ut laoreet elit vitae ipsum varius volutpat. Vestibulum semper euismod bibendum. Pellentesque habitant morbi tristique senectus et netus et malesuada fames ac turpis egestas. Ut volutpat dapibus interdum. Praesent mattis accumsan vestibulum.\r\n\r\nMaecenas consectetur, leo in porta placerat, ex ex pretium purus, ac venenatis risus nunc ac magna. Nam in lorem nunc. Donec iaculis neque id lacus ultrices, cursus luctus est congue. In hac habitasse platea dictumst. Donec mollis enim a est tincidunt venenatis. Sed luctus vestibulum nulla nec suscipit. Ut sodales, ipsum a iaculis tincidunt, mauris ex efficitur ante, vel malesuada lacus quam id tortor. Phasellus a finibus dolor. Sed ultricies massa nunc, dictum pellentesque ligula posuere nec. Sed dui turpis, malesuada non ex eu, viverra lobortis urna. Mauris et porta leo, mollis aliquam orci. Nulla a ex quam. ', NULL, 0, 0),
(69, 4, '2018-02-16 00:00:00', 'Bmollis aliquam orci. Nulla a ex quam.', ' Sed at lacus dui. Praesent elementum purus in mollis varius. Duis vel vulputate mi. Sed a dolor id massa accumsan vestibulum eu quis erat. Suspendisse ultricies tortor lorem, eget dictum dui ullamcorper nec. Sed eget velit eu risus gravida tempor. Quisque eu tincidunt nisl. Ut eu ultricies nisi. Donec consectetur purus in metus lobortis consequat. Morbi quis rhoncus dolor, eu sagittis nunc. Duis dignissim ipsum turpis. Nunc sit amet consectetur massa, et auctor justo. Morbi rhoncus fermentum nulla ut feugiat. Nunc odio tellus, luctus ac efficitur in, porttitor et ex. Duis nec lobortis sem, at gravida purus.\r\n\r\nLorem ipsum dolor sit amet, consectetur adipiscing elit. Mauris nec vehicula lectus. Nulla pulvinar dolor id molestie efficitur. Phasellus sed libero nec risus faucibus dignissim nec nec ex. Praesent sit amet feugiat sapien, sit amet rhoncus mauris. Nam tristique cursus massa nec molestie. Sed et hendrerit dui, et sagittis magna. Phasellus ut turpis sem. Mauris ipsum ligula, viverra non venenatis at, tempus id enim. Ut laoreet elit vitae ipsum varius volutpat. Vestibulum semper euismod bibendum. Pellentesque habitant morbi tristique senectus et netus et malesuada fames ac turpis egestas. Ut volutpat dapibus interdum. Praesent mattis accumsan vestibulum.\r\n\r\nMaecenas consectetur, leo in porta placerat, ex ex pretium purus, ac venenatis risus nunc ac magna. Nam in lorem nunc. Donec iaculis neque id lacus ultrices, cursus luctus est congue. In hac habitasse platea dictumst. Donec mollis enim a est tincidunt venenatis. Sed luctus vestibulum nulla nec suscipit. Ut sodales, ipsum a iaculis tincidunt, mauris ex efficitur ante, vel malesuada lacus quam id tortor. Phasellus a finibus dolor. Sed ultricies massa nunc, dictum pellentesque ligula posuere nec. Sed dui turpis, malesuada non ex eu, viverra lobortis urna. Mauris et porta leo, mollis aliquam orci. Nulla a ex quam. ', NULL, 0, 0),
(70, 4, '2018-02-16 00:00:00', 'Bmollis aliquam orci. Nulla a ex quam.', ' Sed at lacus dui. Praesent elementum purus in mollis varius. Duis vel vulputate mi. Sed a dolor id massa accumsan vestibulum eu quis erat. Suspendisse ultricies tortor lorem, eget dictum dui ullamcorper nec. Sed eget velit eu risus gravida tempor. Quisque eu tincidunt nisl. Ut eu ultricies nisi. Donec consectetur purus in metus lobortis consequat. Morbi quis rhoncus dolor, eu sagittis nunc. Duis dignissim ipsum turpis. Nunc sit amet consectetur massa, et auctor justo. Morbi rhoncus fermentum nulla ut feugiat. Nunc odio tellus, luctus ac efficitur in, porttitor et ex. Duis nec lobortis sem, at gravida purus.\r\n\r\nLorem ipsum dolor sit amet, consectetur adipiscing elit. Mauris nec vehicula lectus. Nulla pulvinar dolor id molestie efficitur. Phasellus sed libero nec risus faucibus dignissim nec nec ex. Praesent sit amet feugiat sapien, sit amet rhoncus mauris. Nam tristique cursus massa nec molestie. Sed et hendrerit dui, et sagittis magna. Phasellus ut turpis sem. Mauris ipsum ligula, viverra non venenatis at, tempus id enim. Ut laoreet elit vitae ipsum varius volutpat. Vestibulum semper euismod bibendum. Pellentesque habitant morbi tristique senectus et netus et malesuada fames ac turpis egestas. Ut volutpat dapibus interdum. Praesent mattis accumsan vestibulum.\r\n\r\nMaecenas consectetur, leo in porta placerat, ex ex pretium purus, ac venenatis risus nunc ac magna. Nam in lorem nunc. Donec iaculis neque id lacus ultrices, cursus luctus est congue. In hac habitasse platea dictumst. Donec mollis enim a est tincidunt venenatis. Sed luctus vestibulum nulla nec suscipit. Ut sodales, ipsum a iaculis tincidunt, mauris ex efficitur ante, vel malesuada lacus quam id tortor. Phasellus a finibus dolor. Sed ultricies massa nunc, dictum pellentesque ligula posuere nec. Sed dui turpis, malesuada non ex eu, viverra lobortis urna. Mauris et porta leo, mollis aliquam orci. Nulla a ex quam. ', NULL, 0, 0),
(71, 4, '2018-02-16 00:00:00', 'Bmollis aliquam orci. Nulla a ex quam.', ' Sed at lacus dui. Praesent elementum purus in mollis varius. Duis vel vulputate mi. Sed a dolor id massa accumsan vestibulum eu quis erat. Suspendisse ultricies tortor lorem, eget dictum dui ullamcorper nec. Sed eget velit eu risus gravida tempor. Quisque eu tincidunt nisl. Ut eu ultricies nisi. Donec consectetur purus in metus lobortis consequat. Morbi quis rhoncus dolor, eu sagittis nunc. Duis dignissim ipsum turpis. Nunc sit amet consectetur massa, et auctor justo. Morbi rhoncus fermentum nulla ut feugiat. Nunc odio tellus, luctus ac efficitur in, porttitor et ex. Duis nec lobortis sem, at gravida purus.\r\n\r\nLorem ipsum dolor sit amet, consectetur adipiscing elit. Mauris nec vehicula lectus. Nulla pulvinar dolor id molestie efficitur. Phasellus sed libero nec risus faucibus dignissim nec nec ex. Praesent sit amet feugiat sapien, sit amet rhoncus mauris. Nam tristique cursus massa nec molestie. Sed et hendrerit dui, et sagittis magna. Phasellus ut turpis sem. Mauris ipsum ligula, viverra non venenatis at, tempus id enim. Ut laoreet elit vitae ipsum varius volutpat. Vestibulum semper euismod bibendum. Pellentesque habitant morbi tristique senectus et netus et malesuada fames ac turpis egestas. Ut volutpat dapibus interdum. Praesent mattis accumsan vestibulum.\r\n\r\nMaecenas consectetur, leo in porta placerat, ex ex pretium purus, ac venenatis risus nunc ac magna. Nam in lorem nunc. Donec iaculis neque id lacus ultrices, cursus luctus est congue. In hac habitasse platea dictumst. Donec mollis enim a est tincidunt venenatis. Sed luctus vestibulum nulla nec suscipit. Ut sodales, ipsum a iaculis tincidunt, mauris ex efficitur ante, vel malesuada lacus quam id tortor. Phasellus a finibus dolor. Sed ultricies massa nunc, dictum pellentesque ligula posuere nec. Sed dui turpis, malesuada non ex eu, viverra lobortis urna. Mauris et porta leo, mollis aliquam orci. Nulla a ex quam. ', NULL, 0, 0),
(72, 4, '2018-02-16 00:00:00', 'Bmollis aliquam orci. Nulla a ex quam.', ' Sed at lacus dui. Praesent elementum purus in mollis varius. Duis vel vulputate mi. Sed a dolor id massa accumsan vestibulum eu quis erat. Suspendisse ultricies tortor lorem, eget dictum dui ullamcorper nec. Sed eget velit eu risus gravida tempor. Quisque eu tincidunt nisl. Ut eu ultricies nisi. Donec consectetur purus in metus lobortis consequat. Morbi quis rhoncus dolor, eu sagittis nunc. Duis dignissim ipsum turpis. Nunc sit amet consectetur massa, et auctor justo. Morbi rhoncus fermentum nulla ut feugiat. Nunc odio tellus, luctus ac efficitur in, porttitor et ex. Duis nec lobortis sem, at gravida purus.\r\n\r\nLorem ipsum dolor sit amet, consectetur adipiscing elit. Mauris nec vehicula lectus. Nulla pulvinar dolor id molestie efficitur. Phasellus sed libero nec risus faucibus dignissim nec nec ex. Praesent sit amet feugiat sapien, sit amet rhoncus mauris. Nam tristique cursus massa nec molestie. Sed et hendrerit dui, et sagittis magna. Phasellus ut turpis sem. Mauris ipsum ligula, viverra non venenatis at, tempus id enim. Ut laoreet elit vitae ipsum varius volutpat. Vestibulum semper euismod bibendum. Pellentesque habitant morbi tristique senectus et netus et malesuada fames ac turpis egestas. Ut volutpat dapibus interdum. Praesent mattis accumsan vestibulum.\r\n\r\nMaecenas consectetur, leo in porta placerat, ex ex pretium purus, ac venenatis risus nunc ac magna. Nam in lorem nunc. Donec iaculis neque id lacus ultrices, cursus luctus est congue. In hac habitasse platea dictumst. Donec mollis enim a est tincidunt venenatis. Sed luctus vestibulum nulla nec suscipit. Ut sodales, ipsum a iaculis tincidunt, mauris ex efficitur ante, vel malesuada lacus quam id tortor. Phasellus a finibus dolor. Sed ultricies massa nunc, dictum pellentesque ligula posuere nec. Sed dui turpis, malesuada non ex eu, viverra lobortis urna. Mauris et porta leo, mollis aliquam orci. Nulla a ex quam. ', NULL, 0, 0),
(73, 4, '2018-02-16 00:00:00', 'Bmollis aliquam orci. Nulla a ex quam.', ' Sed at lacus dui. Praesent elementum purus in mollis varius. Duis vel vulputate mi. Sed a dolor id massa accumsan vestibulum eu quis erat. Suspendisse ultricies tortor lorem, eget dictum dui ullamcorper nec. Sed eget velit eu risus gravida tempor. Quisque eu tincidunt nisl. Ut eu ultricies nisi. Donec consectetur purus in metus lobortis consequat. Morbi quis rhoncus dolor, eu sagittis nunc. Duis dignissim ipsum turpis. Nunc sit amet consectetur massa, et auctor justo. Morbi rhoncus fermentum nulla ut feugiat. Nunc odio tellus, luctus ac efficitur in, porttitor et ex. Duis nec lobortis sem, at gravida purus.\r\n\r\nLorem ipsum dolor sit amet, consectetur adipiscing elit. Mauris nec vehicula lectus. Nulla pulvinar dolor id molestie efficitur. Phasellus sed libero nec risus faucibus dignissim nec nec ex. Praesent sit amet feugiat sapien, sit amet rhoncus mauris. Nam tristique cursus massa nec molestie. Sed et hendrerit dui, et sagittis magna. Phasellus ut turpis sem. Mauris ipsum ligula, viverra non venenatis at, tempus id enim. Ut laoreet elit vitae ipsum varius volutpat. Vestibulum semper euismod bibendum. Pellentesque habitant morbi tristique senectus et netus et malesuada fames ac turpis egestas. Ut volutpat dapibus interdum. Praesent mattis accumsan vestibulum.\r\n\r\nMaecenas consectetur, leo in porta placerat, ex ex pretium purus, ac venenatis risus nunc ac magna. Nam in lorem nunc. Donec iaculis neque id lacus ultrices, cursus luctus est congue. In hac habitasse platea dictumst. Donec mollis enim a est tincidunt venenatis. Sed luctus vestibulum nulla nec suscipit. Ut sodales, ipsum a iaculis tincidunt, mauris ex efficitur ante, vel malesuada lacus quam id tortor. Phasellus a finibus dolor. Sed ultricies massa nunc, dictum pellentesque ligula posuere nec. Sed dui turpis, malesuada non ex eu, viverra lobortis urna. Mauris et porta leo, mollis aliquam orci. Nulla a ex quam. ', NULL, 0, 0),
(74, 4, '2018-02-16 00:00:00', 'Bmollis aliquam orci. Nulla a ex quam.', ' Sed at lacus dui. Praesent elementum purus in mollis varius. Duis vel vulputate mi. Sed a dolor id massa accumsan vestibulum eu quis erat. Suspendisse ultricies tortor lorem, eget dictum dui ullamcorper nec. Sed eget velit eu risus gravida tempor. Quisque eu tincidunt nisl. Ut eu ultricies nisi. Donec consectetur purus in metus lobortis consequat. Morbi quis rhoncus dolor, eu sagittis nunc. Duis dignissim ipsum turpis. Nunc sit amet consectetur massa, et auctor justo. Morbi rhoncus fermentum nulla ut feugiat. Nunc odio tellus, luctus ac efficitur in, porttitor et ex. Duis nec lobortis sem, at gravida purus.\r\n\r\nLorem ipsum dolor sit amet, consectetur adipiscing elit. Mauris nec vehicula lectus. Nulla pulvinar dolor id molestie efficitur. Phasellus sed libero nec risus faucibus dignissim nec nec ex. Praesent sit amet feugiat sapien, sit amet rhoncus mauris. Nam tristique cursus massa nec molestie. Sed et hendrerit dui, et sagittis magna. Phasellus ut turpis sem. Mauris ipsum ligula, viverra non venenatis at, tempus id enim. Ut laoreet elit vitae ipsum varius volutpat. Vestibulum semper euismod bibendum. Pellentesque habitant morbi tristique senectus et netus et malesuada fames ac turpis egestas. Ut volutpat dapibus interdum. Praesent mattis accumsan vestibulum.\r\n\r\nMaecenas consectetur, leo in porta placerat, ex ex pretium purus, ac venenatis risus nunc ac magna. Nam in lorem nunc. Donec iaculis neque id lacus ultrices, cursus luctus est congue. In hac habitasse platea dictumst. Donec mollis enim a est tincidunt venenatis. Sed luctus vestibulum nulla nec suscipit. Ut sodales, ipsum a iaculis tincidunt, mauris ex efficitur ante, vel malesuada lacus quam id tortor. Phasellus a finibus dolor. Sed ultricies massa nunc, dictum pellentesque ligula posuere nec. Sed dui turpis, malesuada non ex eu, viverra lobortis urna. Mauris et porta leo, mollis aliquam orci. Nulla a ex quam. ', NULL, 1, 0),
(75, 4, '2018-02-16 00:00:00', 'Bmollis aliquam orci. Nulla a ex quam.', ' Sed at lacus dui. Praesent elementum purus in mollis varius. Duis vel vulputate mi. Sed a dolor id massa accumsan vestibulum eu quis erat. Suspendisse ultricies tortor lorem, eget dictum dui ullamcorper nec. Sed eget velit eu risus gravida tempor. Quisque eu tincidunt nisl. Ut eu ultricies nisi. Donec consectetur purus in metus lobortis consequat. Morbi quis rhoncus dolor, eu sagittis nunc. Duis dignissim ipsum turpis. Nunc sit amet consectetur massa, et auctor justo. Morbi rhoncus fermentum nulla ut feugiat. Nunc odio tellus, luctus ac efficitur in, porttitor et ex. Duis nec lobortis sem, at gravida purus.\r\n\r\nLorem ipsum dolor sit amet, consectetur adipiscing elit. Mauris nec vehicula lectus. Nulla pulvinar dolor id molestie efficitur. Phasellus sed libero nec risus faucibus dignissim nec nec ex. Praesent sit amet feugiat sapien, sit amet rhoncus mauris. Nam tristique cursus massa nec molestie. Sed et hendrerit dui, et sagittis magna. Phasellus ut turpis sem. Mauris ipsum ligula, viverra non venenatis at, tempus id enim. Ut laoreet elit vitae ipsum varius volutpat. Vestibulum semper euismod bibendum. Pellentesque habitant morbi tristique senectus et netus et malesuada fames ac turpis egestas. Ut volutpat dapibus interdum. Praesent mattis accumsan vestibulum.\r\n\r\nMaecenas consectetur, leo in porta placerat, ex ex pretium purus, ac venenatis risus nunc ac magna. Nam in lorem nunc. Donec iaculis neque id lacus ultrices, cursus luctus est congue. In hac habitasse platea dictumst. Donec mollis enim a est tincidunt venenatis. Sed luctus vestibulum nulla nec suscipit. Ut sodales, ipsum a iaculis tincidunt, mauris ex efficitur ante, vel malesuada lacus quam id tortor. Phasellus a finibus dolor. Sed ultricies massa nunc, dictum pellentesque ligula posuere nec. Sed dui turpis, malesuada non ex eu, viverra lobortis urna. Mauris et porta leo, mollis aliquam orci. Nulla a ex quam. ', NULL, 0, 0),
(76, 4, '2018-02-16 00:00:00', 'Bmollis aliquam orci. Nulla a ex quam.', ' Sed at lacus dui. Praesent elementum purus in mollis varius. Duis vel vulputate mi. Sed a dolor id massa accumsan vestibulum eu quis erat. Suspendisse ultricies tortor lorem, eget dictum dui ullamcorper nec. Sed eget velit eu risus gravida tempor. Quisque eu tincidunt nisl. Ut eu ultricies nisi. Donec consectetur purus in metus lobortis consequat. Morbi quis rhoncus dolor, eu sagittis nunc. Duis dignissim ipsum turpis. Nunc sit amet consectetur massa, et auctor justo. Morbi rhoncus fermentum nulla ut feugiat. Nunc odio tellus, luctus ac efficitur in, porttitor et ex. Duis nec lobortis sem, at gravida purus.\r\n\r\nLorem ipsum dolor sit amet, consectetur adipiscing elit. Mauris nec vehicula lectus. Nulla pulvinar dolor id molestie efficitur. Phasellus sed libero nec risus faucibus dignissim nec nec ex. Praesent sit amet feugiat sapien, sit amet rhoncus mauris. Nam tristique cursus massa nec molestie. Sed et hendrerit dui, et sagittis magna. Phasellus ut turpis sem. Mauris ipsum ligula, viverra non venenatis at, tempus id enim. Ut laoreet elit vitae ipsum varius volutpat. Vestibulum semper euismod bibendum. Pellentesque habitant morbi tristique senectus et netus et malesuada fames ac turpis egestas. Ut volutpat dapibus interdum. Praesent mattis accumsan vestibulum.\r\n\r\nMaecenas consectetur, leo in porta placerat, ex ex pretium purus, ac venenatis risus nunc ac magna. Nam in lorem nunc. Donec iaculis neque id lacus ultrices, cursus luctus est congue. In hac habitasse platea dictumst. Donec mollis enim a est tincidunt venenatis. Sed luctus vestibulum nulla nec suscipit. Ut sodales, ipsum a iaculis tincidunt, mauris ex efficitur ante, vel malesuada lacus quam id tortor. Phasellus a finibus dolor. Sed ultricies massa nunc, dictum pellentesque ligula posuere nec. Sed dui turpis, malesuada non ex eu, viverra lobortis urna. Mauris et porta leo, mollis aliquam orci. Nulla a ex quam. ', NULL, 0, 0),
(77, 5, '2018-02-16 00:00:00', 'Bmollis aliquam orci. Nulla a ex quam.', ' Sed at lacus dui. Praesent elementum purus in mollis varius. Duis vel vulputate mi. Sed a dolor id massa accumsan vestibulum eu quis erat. Suspendisse ultricies tortor lorem, eget dictum dui ullamcorper nec. Sed eget velit eu risus gravida tempor. Quisque eu tincidunt nisl. Ut eu ultricies nisi. Donec consectetur purus in metus lobortis consequat. Morbi quis rhoncus dolor, eu sagittis nunc. Duis dignissim ipsum turpis. Nunc sit amet consectetur massa, et auctor justo. Morbi rhoncus fermentum nulla ut feugiat. Nunc odio tellus, luctus ac efficitur in, porttitor et ex. Duis nec lobortis sem, at gravida purus.\r\n\r\nLorem ipsum dolor sit amet, consectetur adipiscing elit. Mauris nec vehicula lectus. Nulla pulvinar dolor id molestie efficitur. Phasellus sed libero nec risus faucibus dignissim nec nec ex. Praesent sit amet feugiat sapien, sit amet rhoncus mauris. Nam tristique cursus massa nec molestie. Sed et hendrerit dui, et sagittis magna. Phasellus ut turpis sem. Mauris ipsum ligula, viverra non venenatis at, tempus id enim. Ut laoreet elit vitae ipsum varius volutpat. Vestibulum semper euismod bibendum. Pellentesque habitant morbi tristique senectus et netus et malesuada fames ac turpis egestas. Ut volutpat dapibus interdum. Praesent mattis accumsan vestibulum.\r\n\r\nMaecenas consectetur, leo in porta placerat, ex ex pretium purus, ac venenatis risus nunc ac magna. Nam in lorem nunc. Donec iaculis neque id lacus ultrices, cursus luctus est congue. In hac habitasse platea dictumst. Donec mollis enim a est tincidunt venenatis. Sed luctus vestibulum nulla nec suscipit. Ut sodales, ipsum a iaculis tincidunt, mauris ex efficitur ante, vel malesuada lacus quam id tortor. Phasellus a finibus dolor. Sed ultricies massa nunc, dictum pellentesque ligula posuere nec. Sed dui turpis, malesuada non ex eu, viverra lobortis urna. Mauris et porta leo, mollis aliquam orci. Nulla a ex quam. ', NULL, 0, 0),
(78, 5, '2018-02-16 00:00:00', 'Bmollis aliquam orci. Nulla a ex quam.', ' Sed at lacus dui. Praesent elementum purus in mollis varius. Duis vel vulputate mi. Sed a dolor id massa accumsan vestibulum eu quis erat. Suspendisse ultricies tortor lorem, eget dictum dui ullamcorper nec. Sed eget velit eu risus gravida tempor. Quisque eu tincidunt nisl. Ut eu ultricies nisi. Donec consectetur purus in metus lobortis consequat. Morbi quis rhoncus dolor, eu sagittis nunc. Duis dignissim ipsum turpis. Nunc sit amet consectetur massa, et auctor justo. Morbi rhoncus fermentum nulla ut feugiat. Nunc odio tellus, luctus ac efficitur in, porttitor et ex. Duis nec lobortis sem, at gravida purus.\r\n\r\nLorem ipsum dolor sit amet, consectetur adipiscing elit. Mauris nec vehicula lectus. Nulla pulvinar dolor id molestie efficitur. Phasellus sed libero nec risus faucibus dignissim nec nec ex. Praesent sit amet feugiat sapien, sit amet rhoncus mauris. Nam tristique cursus massa nec molestie. Sed et hendrerit dui, et sagittis magna. Phasellus ut turpis sem. Mauris ipsum ligula, viverra non venenatis at, tempus id enim. Ut laoreet elit vitae ipsum varius volutpat. Vestibulum semper euismod bibendum. Pellentesque habitant morbi tristique senectus et netus et malesuada fames ac turpis egestas. Ut volutpat dapibus interdum. Praesent mattis accumsan vestibulum.\r\n\r\nMaecenas consectetur, leo in porta placerat, ex ex pretium purus, ac venenatis risus nunc ac magna. Nam in lorem nunc. Donec iaculis neque id lacus ultrices, cursus luctus est congue. In hac habitasse platea dictumst. Donec mollis enim a est tincidunt venenatis. Sed luctus vestibulum nulla nec suscipit. Ut sodales, ipsum a iaculis tincidunt, mauris ex efficitur ante, vel malesuada lacus quam id tortor. Phasellus a finibus dolor. Sed ultricies massa nunc, dictum pellentesque ligula posuere nec. Sed dui turpis, malesuada non ex eu, viverra lobortis urna. Mauris et porta leo, mollis aliquam orci. Nulla a ex quam. ', NULL, 0, 0),
(79, 5, '2018-02-16 00:00:00', 'Bmollis aliquam orci. Nulla a ex quam.', ' Sed at lacus dui. Praesent elementum purus in mollis varius. Duis vel vulputate mi. Sed a dolor id massa accumsan vestibulum eu quis erat. Suspendisse ultricies tortor lorem, eget dictum dui ullamcorper nec. Sed eget velit eu risus gravida tempor. Quisque eu tincidunt nisl. Ut eu ultricies nisi. Donec consectetur purus in metus lobortis consequat. Morbi quis rhoncus dolor, eu sagittis nunc. Duis dignissim ipsum turpis. Nunc sit amet consectetur massa, et auctor justo. Morbi rhoncus fermentum nulla ut feugiat. Nunc odio tellus, luctus ac efficitur in, porttitor et ex. Duis nec lobortis sem, at gravida purus.\r\n\r\nLorem ipsum dolor sit amet, consectetur adipiscing elit. Mauris nec vehicula lectus. Nulla pulvinar dolor id molestie efficitur. Phasellus sed libero nec risus faucibus dignissim nec nec ex. Praesent sit amet feugiat sapien, sit amet rhoncus mauris. Nam tristique cursus massa nec molestie. Sed et hendrerit dui, et sagittis magna. Phasellus ut turpis sem. Mauris ipsum ligula, viverra non venenatis at, tempus id enim. Ut laoreet elit vitae ipsum varius volutpat. Vestibulum semper euismod bibendum. Pellentesque habitant morbi tristique senectus et netus et malesuada fames ac turpis egestas. Ut volutpat dapibus interdum. Praesent mattis accumsan vestibulum.\r\n\r\nMaecenas consectetur, leo in porta placerat, ex ex pretium purus, ac venenatis risus nunc ac magna. Nam in lorem nunc. Donec iaculis neque id lacus ultrices, cursus luctus est congue. In hac habitasse platea dictumst. Donec mollis enim a est tincidunt venenatis. Sed luctus vestibulum nulla nec suscipit. Ut sodales, ipsum a iaculis tincidunt, mauris ex efficitur ante, vel malesuada lacus quam id tortor. Phasellus a finibus dolor. Sed ultricies massa nunc, dictum pellentesque ligula posuere nec. Sed dui turpis, malesuada non ex eu, viverra lobortis urna. Mauris et porta leo, mollis aliquam orci. Nulla a ex quam. ', NULL, 0, 0),
(80, 5, '2018-02-16 00:00:00', 'Bmollis aliquam orci. Nulla a ex quam.', ' Sed at lacus dui. Praesent elementum purus in mollis varius. Duis vel vulputate mi. Sed a dolor id massa accumsan vestibulum eu quis erat. Suspendisse ultricies tortor lorem, eget dictum dui ullamcorper nec. Sed eget velit eu risus gravida tempor. Quisque eu tincidunt nisl. Ut eu ultricies nisi. Donec consectetur purus in metus lobortis consequat. Morbi quis rhoncus dolor, eu sagittis nunc. Duis dignissim ipsum turpis. Nunc sit amet consectetur massa, et auctor justo. Morbi rhoncus fermentum nulla ut feugiat. Nunc odio tellus, luctus ac efficitur in, porttitor et ex. Duis nec lobortis sem, at gravida purus.\r\n\r\nLorem ipsum dolor sit amet, consectetur adipiscing elit. Mauris nec vehicula lectus. Nulla pulvinar dolor id molestie efficitur. Phasellus sed libero nec risus faucibus dignissim nec nec ex. Praesent sit amet feugiat sapien, sit amet rhoncus mauris. Nam tristique cursus massa nec molestie. Sed et hendrerit dui, et sagittis magna. Phasellus ut turpis sem. Mauris ipsum ligula, viverra non venenatis at, tempus id enim. Ut laoreet elit vitae ipsum varius volutpat. Vestibulum semper euismod bibendum. Pellentesque habitant morbi tristique senectus et netus et malesuada fames ac turpis egestas. Ut volutpat dapibus interdum. Praesent mattis accumsan vestibulum.\r\n\r\nMaecenas consectetur, leo in porta placerat, ex ex pretium purus, ac venenatis risus nunc ac magna. Nam in lorem nunc. Donec iaculis neque id lacus ultrices, cursus luctus est congue. In hac habitasse platea dictumst. Donec mollis enim a est tincidunt venenatis. Sed luctus vestibulum nulla nec suscipit. Ut sodales, ipsum a iaculis tincidunt, mauris ex efficitur ante, vel malesuada lacus quam id tortor. Phasellus a finibus dolor. Sed ultricies massa nunc, dictum pellentesque ligula posuere nec. Sed dui turpis, malesuada non ex eu, viverra lobortis urna. Mauris et porta leo, mollis aliquam orci. Nulla a ex quam. ', NULL, 0, 0),
(81, 5, '2018-02-16 00:00:00', 'Bmollis aliquam orci. Nulla a ex quam.', ' Sed at lacus dui. Praesent elementum purus in mollis varius. Duis vel vulputate mi. Sed a dolor id massa accumsan vestibulum eu quis erat. Suspendisse ultricies tortor lorem, eget dictum dui ullamcorper nec. Sed eget velit eu risus gravida tempor. Quisque eu tincidunt nisl. Ut eu ultricies nisi. Donec consectetur purus in metus lobortis consequat. Morbi quis rhoncus dolor, eu sagittis nunc. Duis dignissim ipsum turpis. Nunc sit amet consectetur massa, et auctor justo. Morbi rhoncus fermentum nulla ut feugiat. Nunc odio tellus, luctus ac efficitur in, porttitor et ex. Duis nec lobortis sem, at gravida purus.\r\n\r\nLorem ipsum dolor sit amet, consectetur adipiscing elit. Mauris nec vehicula lectus. Nulla pulvinar dolor id molestie efficitur. Phasellus sed libero nec risus faucibus dignissim nec nec ex. Praesent sit amet feugiat sapien, sit amet rhoncus mauris. Nam tristique cursus massa nec molestie. Sed et hendrerit dui, et sagittis magna. Phasellus ut turpis sem. Mauris ipsum ligula, viverra non venenatis at, tempus id enim. Ut laoreet elit vitae ipsum varius volutpat. Vestibulum semper euismod bibendum. Pellentesque habitant morbi tristique senectus et netus et malesuada fames ac turpis egestas. Ut volutpat dapibus interdum. Praesent mattis accumsan vestibulum.\r\n\r\nMaecenas consectetur, leo in porta placerat, ex ex pretium purus, ac venenatis risus nunc ac magna. Nam in lorem nunc. Donec iaculis neque id lacus ultrices, cursus luctus est congue. In hac habitasse platea dictumst. Donec mollis enim a est tincidunt venenatis. Sed luctus vestibulum nulla nec suscipit. Ut sodales, ipsum a iaculis tincidunt, mauris ex efficitur ante, vel malesuada lacus quam id tortor. Phasellus a finibus dolor. Sed ultricies massa nunc, dictum pellentesque ligula posuere nec. Sed dui turpis, malesuada non ex eu, viverra lobortis urna. Mauris et porta leo, mollis aliquam orci. Nulla a ex quam. ', NULL, 0, 0),
(82, 5, '2018-02-16 00:00:00', 'Bmollis aliquam orci. Nulla a ex quam.', ' Sed at lacus dui. Praesent elementum purus in mollis varius. Duis vel vulputate mi. Sed a dolor id massa accumsan vestibulum eu quis erat. Suspendisse ultricies tortor lorem, eget dictum dui ullamcorper nec. Sed eget velit eu risus gravida tempor. Quisque eu tincidunt nisl. Ut eu ultricies nisi. Donec consectetur purus in metus lobortis consequat. Morbi quis rhoncus dolor, eu sagittis nunc. Duis dignissim ipsum turpis. Nunc sit amet consectetur massa, et auctor justo. Morbi rhoncus fermentum nulla ut feugiat. Nunc odio tellus, luctus ac efficitur in, porttitor et ex. Duis nec lobortis sem, at gravida purus.\r\n\r\nLorem ipsum dolor sit amet, consectetur adipiscing elit. Mauris nec vehicula lectus. Nulla pulvinar dolor id molestie efficitur. Phasellus sed libero nec risus faucibus dignissim nec nec ex. Praesent sit amet feugiat sapien, sit amet rhoncus mauris. Nam tristique cursus massa nec molestie. Sed et hendrerit dui, et sagittis magna. Phasellus ut turpis sem. Mauris ipsum ligula, viverra non venenatis at, tempus id enim. Ut laoreet elit vitae ipsum varius volutpat. Vestibulum semper euismod bibendum. Pellentesque habitant morbi tristique senectus et netus et malesuada fames ac turpis egestas. Ut volutpat dapibus interdum. Praesent mattis accumsan vestibulum.\r\n\r\nMaecenas consectetur, leo in porta placerat, ex ex pretium purus, ac venenatis risus nunc ac magna. Nam in lorem nunc. Donec iaculis neque id lacus ultrices, cursus luctus est congue. In hac habitasse platea dictumst. Donec mollis enim a est tincidunt venenatis. Sed luctus vestibulum nulla nec suscipit. Ut sodales, ipsum a iaculis tincidunt, mauris ex efficitur ante, vel malesuada lacus quam id tortor. Phasellus a finibus dolor. Sed ultricies massa nunc, dictum pellentesque ligula posuere nec. Sed dui turpis, malesuada non ex eu, viverra lobortis urna. Mauris et porta leo, mollis aliquam orci. Nulla a ex quam. ', NULL, 0, 0),
(83, 5, '2018-02-16 00:00:00', 'Bmollis aliquam orci. Nulla a ex quam.', ' Sed at lacus dui. Praesent elementum purus in mollis varius. Duis vel vulputate mi. Sed a dolor id massa accumsan vestibulum eu quis erat. Suspendisse ultricies tortor lorem, eget dictum dui ullamcorper nec. Sed eget velit eu risus gravida tempor. Quisque eu tincidunt nisl. Ut eu ultricies nisi. Donec consectetur purus in metus lobortis consequat. Morbi quis rhoncus dolor, eu sagittis nunc. Duis dignissim ipsum turpis. Nunc sit amet consectetur massa, et auctor justo. Morbi rhoncus fermentum nulla ut feugiat. Nunc odio tellus, luctus ac efficitur in, porttitor et ex. Duis nec lobortis sem, at gravida purus.\r\n\r\nLorem ipsum dolor sit amet, consectetur adipiscing elit. Mauris nec vehicula lectus. Nulla pulvinar dolor id molestie efficitur. Phasellus sed libero nec risus faucibus dignissim nec nec ex. Praesent sit amet feugiat sapien, sit amet rhoncus mauris. Nam tristique cursus massa nec molestie. Sed et hendrerit dui, et sagittis magna. Phasellus ut turpis sem. Mauris ipsum ligula, viverra non venenatis at, tempus id enim. Ut laoreet elit vitae ipsum varius volutpat. Vestibulum semper euismod bibendum. Pellentesque habitant morbi tristique senectus et netus et malesuada fames ac turpis egestas. Ut volutpat dapibus interdum. Praesent mattis accumsan vestibulum.\r\n\r\nMaecenas consectetur, leo in porta placerat, ex ex pretium purus, ac venenatis risus nunc ac magna. Nam in lorem nunc. Donec iaculis neque id lacus ultrices, cursus luctus est congue. In hac habitasse platea dictumst. Donec mollis enim a est tincidunt venenatis. Sed luctus vestibulum nulla nec suscipit. Ut sodales, ipsum a iaculis tincidunt, mauris ex efficitur ante, vel malesuada lacus quam id tortor. Phasellus a finibus dolor. Sed ultricies massa nunc, dictum pellentesque ligula posuere nec. Sed dui turpis, malesuada non ex eu, viverra lobortis urna. Mauris et porta leo, mollis aliquam orci. Nulla a ex quam. ', NULL, 0, 0),
(84, 5, '2018-02-16 00:00:00', 'Bmollis aliquam orci. Nulla a ex quam.', ' Sed at lacus dui. Praesent elementum purus in mollis varius. Duis vel vulputate mi. Sed a dolor id massa accumsan vestibulum eu quis erat. Suspendisse ultricies tortor lorem, eget dictum dui ullamcorper nec. Sed eget velit eu risus gravida tempor. Quisque eu tincidunt nisl. Ut eu ultricies nisi. Donec consectetur purus in metus lobortis consequat. Morbi quis rhoncus dolor, eu sagittis nunc. Duis dignissim ipsum turpis. Nunc sit amet consectetur massa, et auctor justo. Morbi rhoncus fermentum nulla ut feugiat. Nunc odio tellus, luctus ac efficitur in, porttitor et ex. Duis nec lobortis sem, at gravida purus.\r\n\r\nLorem ipsum dolor sit amet, consectetur adipiscing elit. Mauris nec vehicula lectus. Nulla pulvinar dolor id molestie efficitur. Phasellus sed libero nec risus faucibus dignissim nec nec ex. Praesent sit amet feugiat sapien, sit amet rhoncus mauris. Nam tristique cursus massa nec molestie. Sed et hendrerit dui, et sagittis magna. Phasellus ut turpis sem. Mauris ipsum ligula, viverra non venenatis at, tempus id enim. Ut laoreet elit vitae ipsum varius volutpat. Vestibulum semper euismod bibendum. Pellentesque habitant morbi tristique senectus et netus et malesuada fames ac turpis egestas. Ut volutpat dapibus interdum. Praesent mattis accumsan vestibulum.\r\n\r\nMaecenas consectetur, leo in porta placerat, ex ex pretium purus, ac venenatis risus nunc ac magna. Nam in lorem nunc. Donec iaculis neque id lacus ultrices, cursus luctus est congue. In hac habitasse platea dictumst. Donec mollis enim a est tincidunt venenatis. Sed luctus vestibulum nulla nec suscipit. Ut sodales, ipsum a iaculis tincidunt, mauris ex efficitur ante, vel malesuada lacus quam id tortor. Phasellus a finibus dolor. Sed ultricies massa nunc, dictum pellentesque ligula posuere nec. Sed dui turpis, malesuada non ex eu, viverra lobortis urna. Mauris et porta leo, mollis aliquam orci. Nulla a ex quam. ', NULL, 0, 0),
(85, 5, '2018-02-16 00:00:00', 'Bmollis aliquam orci. Nulla a ex quam.', ' Sed at lacus dui. Praesent elementum purus in mollis varius. Duis vel vulputate mi. Sed a dolor id massa accumsan vestibulum eu quis erat. Suspendisse ultricies tortor lorem, eget dictum dui ullamcorper nec. Sed eget velit eu risus gravida tempor. Quisque eu tincidunt nisl. Ut eu ultricies nisi. Donec consectetur purus in metus lobortis consequat. Morbi quis rhoncus dolor, eu sagittis nunc. Duis dignissim ipsum turpis. Nunc sit amet consectetur massa, et auctor justo. Morbi rhoncus fermentum nulla ut feugiat. Nunc odio tellus, luctus ac efficitur in, porttitor et ex. Duis nec lobortis sem, at gravida purus.\r\n\r\nLorem ipsum dolor sit amet, consectetur adipiscing elit. Mauris nec vehicula lectus. Nulla pulvinar dolor id molestie efficitur. Phasellus sed libero nec risus faucibus dignissim nec nec ex. Praesent sit amet feugiat sapien, sit amet rhoncus mauris. Nam tristique cursus massa nec molestie. Sed et hendrerit dui, et sagittis magna. Phasellus ut turpis sem. Mauris ipsum ligula, viverra non venenatis at, tempus id enim. Ut laoreet elit vitae ipsum varius volutpat. Vestibulum semper euismod bibendum. Pellentesque habitant morbi tristique senectus et netus et malesuada fames ac turpis egestas. Ut volutpat dapibus interdum. Praesent mattis accumsan vestibulum.\r\n\r\nMaecenas consectetur, leo in porta placerat, ex ex pretium purus, ac venenatis risus nunc ac magna. Nam in lorem nunc. Donec iaculis neque id lacus ultrices, cursus luctus est congue. In hac habitasse platea dictumst. Donec mollis enim a est tincidunt venenatis. Sed luctus vestibulum nulla nec suscipit. Ut sodales, ipsum a iaculis tincidunt, mauris ex efficitur ante, vel malesuada lacus quam id tortor. Phasellus a finibus dolor. Sed ultricies massa nunc, dictum pellentesque ligula posuere nec. Sed dui turpis, malesuada non ex eu, viverra lobortis urna. Mauris et porta leo, mollis aliquam orci. Nulla a ex quam. ', NULL, 9, 0),
(86, 5, '2018-02-16 00:00:00', 'Bmollis aliquam orci. Nulla a ex quam.', ' Sed at lacus dui. Praesent elementum purus in mollis varius. Duis vel vulputate mi. Sed a dolor id massa accumsan vestibulum eu quis erat. Suspendisse ultricies tortor lorem, eget dictum dui ullamcorper nec. Sed eget velit eu risus gravida tempor. Quisque eu tincidunt nisl. Ut eu ultricies nisi. Donec consectetur purus in metus lobortis consequat. Morbi quis rhoncus dolor, eu sagittis nunc. Duis dignissim ipsum turpis. Nunc sit amet consectetur massa, et auctor justo. Morbi rhoncus fermentum nulla ut feugiat. Nunc odio tellus, luctus ac efficitur in, porttitor et ex. Duis nec lobortis sem, at gravida purus.\r\n\r\nLorem ipsum dolor sit amet, consectetur adipiscing elit. Mauris nec vehicula lectus. Nulla pulvinar dolor id molestie efficitur. Phasellus sed libero nec risus faucibus dignissim nec nec ex. Praesent sit amet feugiat sapien, sit amet rhoncus mauris. Nam tristique cursus massa nec molestie. Sed et hendrerit dui, et sagittis magna. Phasellus ut turpis sem. Mauris ipsum ligula, viverra non venenatis at, tempus id enim. Ut laoreet elit vitae ipsum varius volutpat. Vestibulum semper euismod bibendum. Pellentesque habitant morbi tristique senectus et netus et malesuada fames ac turpis egestas. Ut volutpat dapibus interdum. Praesent mattis accumsan vestibulum.\r\n\r\nMaecenas consectetur, leo in porta placerat, ex ex pretium purus, ac venenatis risus nunc ac magna. Nam in lorem nunc. Donec iaculis neque id lacus ultrices, cursus luctus est congue. In hac habitasse platea dictumst. Donec mollis enim a est tincidunt venenatis. Sed luctus vestibulum nulla nec suscipit. Ut sodales, ipsum a iaculis tincidunt, mauris ex efficitur ante, vel malesuada lacus quam id tortor. Phasellus a finibus dolor. Sed ultricies massa nunc, dictum pellentesque ligula posuere nec. Sed dui turpis, malesuada non ex eu, viverra lobortis urna. Mauris et porta leo, mollis aliquam orci. Nulla a ex quam. ', NULL, 10, 0),
(87, 5, '2018-02-16 00:00:00', 'Bmollis aliquam orci. Nulla a ex quam.', ' Sed at lacus dui. Praesent elementum purus in mollis varius. Duis vel vulputate mi. Sed a dolor id massa accumsan vestibulum eu quis erat. Suspendisse ultricies tortor lorem, eget dictum dui ullamcorper nec. Sed eget velit eu risus gravida tempor. Quisque eu tincidunt nisl. Ut eu ultricies nisi. Donec consectetur purus in metus lobortis consequat. Morbi quis rhoncus dolor, eu sagittis nunc. Duis dignissim ipsum turpis. Nunc sit amet consectetur massa, et auctor justo. Morbi rhoncus fermentum nulla ut feugiat. Nunc odio tellus, luctus ac efficitur in, porttitor et ex. Duis nec lobortis sem, at gravida purus.\r\n\r\nLorem ipsum dolor sit amet, consectetur adipiscing elit. Mauris nec vehicula lectus. Nulla pulvinar dolor id molestie efficitur. Phasellus sed libero nec risus faucibus dignissim nec nec ex. Praesent sit amet feugiat sapien, sit amet rhoncus mauris. Nam tristique cursus massa nec molestie. Sed et hendrerit dui, et sagittis magna. Phasellus ut turpis sem. Mauris ipsum ligula, viverra non venenatis at, tempus id enim. Ut laoreet elit vitae ipsum varius volutpat. Vestibulum semper euismod bibendum. Pellentesque habitant morbi tristique senectus et netus et malesuada fames ac turpis egestas. Ut volutpat dapibus interdum. Praesent mattis accumsan vestibulum.\r\n\r\nMaecenas consectetur, leo in porta placerat, ex ex pretium purus, ac venenatis risus nunc ac magna. Nam in lorem nunc. Donec iaculis neque id lacus ultrices, cursus luctus est congue. In hac habitasse platea dictumst. Donec mollis enim a est tincidunt venenatis. Sed luctus vestibulum nulla nec suscipit. Ut sodales, ipsum a iaculis tincidunt, mauris ex efficitur ante, vel malesuada lacus quam id tortor. Phasellus a finibus dolor. Sed ultricies massa nunc, dictum pellentesque ligula posuere nec. Sed dui turpis, malesuada non ex eu, viverra lobortis urna. Mauris et porta leo, mollis aliquam orci. Nulla a ex quam. ', NULL, 9, 0),
(88, 5, '2018-02-16 17:59:53', 'Aliquam orci. Nulla a ex qguam tu gravida purus.', ' Sed at lacus dui. Praesent elementum purus in mollis varius. Duis vel vulputate mi. Sed a dolor id massa accumsan vestibulum eu quis erat. Suspendisse ultricies tortor lorem, eget dictum dui ullamcorper nec. Sed eget velit eu risus gravida tempor. Quisque eu tincidunt nisl. Ut eu ultricies nisi. Donec consectetur purus in metus lobortis consequat. Morbi quis rhoncus dolor, eu sagittis nunc. Duis dignissim ipsum turpis. Nunc sit amet consectetur massa, et auctor justo. Morbi rhoncus fermentum nulla ut feugiat. Nunc odio tellus, luctus ac efficitur in, porttitor et ex. Duis nec lobortis sem, at gravida purus.\r\n\r\nLorem ipsum dolor sit amet, consectetur adipiscing elit. Mauris nec vehicula lectus. Nulla pulvinar dolor id molestie efficitur. Phasellus sed libero nec risus faucibus dignissim nec nec ex. Praesent sit amet feugiat sapien, sit amet rhoncus mauris. Nam tristique cursus massa nec molestie. Sed et hendrerit dui, et sagittis magna. Phasellus ut turpis sem. Mauris ipsum ligula, viverra non venenatis at, tempus id enim. Ut laoreet elit vitae ipsum varius volutpat. Vestibulum semper euismod bibendum. Pellentesque habitant morbi tristique senectus et netus et malesuada fames ac turpis egestas. Ut volutpat dapibus interdum. Praesent mattis accumsan vestibulum.\r\n\r\nMaecenas consectetur, leo in porta placerat, ex ex pretium purus, ac venenatis risus nunc ac magna. Nam in lorem nunc. Donec iaculis neque id lacus ultrices, cursus luctus est congue. In hac habitasse platea dictumst. Donec mollis enim a est tincidunt venenatis. Sed luctus vestibulum nulla nec suscipit. Ut sodales, ipsum a iaculis tincidunt, mauris ex efficitur ante, vel malesuada lacus quam id tortor. Phasellus a finibus dolor. Sed ultricies massa nunc, dictum pellentesque ligula posuere nec. Sed dui turpis, malesuada non ex eu, viverra lobortis urna. Mauris et porta leo, mollis aliquam orci. Nulla a ex quam. ', NULL, 4, 1),
(89, 6, '2018-02-16 00:00:00', 'Bmollis aliquam orci. Nulla a ex quam.', ' Sed at lacus dui. Praesent elementum purus in mollis varius. Duis vel vulputate mi. Sed a dolor id massa accumsan vestibulum eu quis erat. Suspendisse ultricies tortor lorem, eget dictum dui ullamcorper nec. Sed eget velit eu risus gravida tempor. Quisque eu tincidunt nisl. Ut eu ultricies nisi. Donec consectetur purus in metus lobortis consequat. Morbi quis rhoncus dolor, eu sagittis nunc. Duis dignissim ipsum turpis. Nunc sit amet consectetur massa, et auctor justo. Morbi rhoncus fermentum nulla ut feugiat. Nunc odio tellus, luctus ac efficitur in, porttitor et ex. Duis nec lobortis sem, at gravida purus.\r\n\r\nLorem ipsum dolor sit amet, consectetur adipiscing elit. Mauris nec vehicula lectus. Nulla pulvinar dolor id molestie efficitur. Phasellus sed libero nec risus faucibus dignissim nec nec ex. Praesent sit amet feugiat sapien, sit amet rhoncus mauris. Nam tristique cursus massa nec molestie. Sed et hendrerit dui, et sagittis magna. Phasellus ut turpis sem. Mauris ipsum ligula, viverra non venenatis at, tempus id enim. Ut laoreet elit vitae ipsum varius volutpat. Vestibulum semper euismod bibendum. Pellentesque habitant morbi tristique senectus et netus et malesuada fames ac turpis egestas. Ut volutpat dapibus interdum. Praesent mattis accumsan vestibulum.\r\n\r\nMaecenas consectetur, leo in porta placerat, ex ex pretium purus, ac venenatis risus nunc ac magna. Nam in lorem nunc. Donec iaculis neque id lacus ultrices, cursus luctus est congue. In hac habitasse platea dictumst. Donec mollis enim a est tincidunt venenatis. Sed luctus vestibulum nulla nec suscipit. Ut sodales, ipsum a iaculis tincidunt, mauris ex efficitur ante, vel malesuada lacus quam id tortor. Phasellus a finibus dolor. Sed ultricies massa nunc, dictum pellentesque ligula posuere nec. Sed dui turpis, malesuada non ex eu, viverra lobortis urna. Mauris et porta leo, mollis aliquam orci. Nulla a ex quam. ', NULL, 0, 0);
INSERT INTO `news` (`id`, `id_category`, `date`, `title`, `content`, `img_dir`, `views`, `analytics`) VALUES
(90, 6, '2018-02-16 00:00:00', 'Bmollis aliquam orci. Nulla a ex quam.', ' Sed at lacus dui. Praesent elementum purus in mollis varius. Duis vel vulputate mi. Sed a dolor id massa accumsan vestibulum eu quis erat. Suspendisse ultricies tortor lorem, eget dictum dui ullamcorper nec. Sed eget velit eu risus gravida tempor. Quisque eu tincidunt nisl. Ut eu ultricies nisi. Donec consectetur purus in metus lobortis consequat. Morbi quis rhoncus dolor, eu sagittis nunc. Duis dignissim ipsum turpis. Nunc sit amet consectetur massa, et auctor justo. Morbi rhoncus fermentum nulla ut feugiat. Nunc odio tellus, luctus ac efficitur in, porttitor et ex. Duis nec lobortis sem, at gravida purus.\r\n\r\nLorem ipsum dolor sit amet, consectetur adipiscing elit. Mauris nec vehicula lectus. Nulla pulvinar dolor id molestie efficitur. Phasellus sed libero nec risus faucibus dignissim nec nec ex. Praesent sit amet feugiat sapien, sit amet rhoncus mauris. Nam tristique cursus massa nec molestie. Sed et hendrerit dui, et sagittis magna. Phasellus ut turpis sem. Mauris ipsum ligula, viverra non venenatis at, tempus id enim. Ut laoreet elit vitae ipsum varius volutpat. Vestibulum semper euismod bibendum. Pellentesque habitant morbi tristique senectus et netus et malesuada fames ac turpis egestas. Ut volutpat dapibus interdum. Praesent mattis accumsan vestibulum.\r\n\r\nMaecenas consectetur, leo in porta placerat, ex ex pretium purus, ac venenatis risus nunc ac magna. Nam in lorem nunc. Donec iaculis neque id lacus ultrices, cursus luctus est congue. In hac habitasse platea dictumst. Donec mollis enim a est tincidunt venenatis. Sed luctus vestibulum nulla nec suscipit. Ut sodales, ipsum a iaculis tincidunt, mauris ex efficitur ante, vel malesuada lacus quam id tortor. Phasellus a finibus dolor. Sed ultricies massa nunc, dictum pellentesque ligula posuere nec. Sed dui turpis, malesuada non ex eu, viverra lobortis urna. Mauris et porta leo, mollis aliquam orci. Nulla a ex quam. ', NULL, 0, 0),
(91, 6, '2018-02-16 00:00:00', 'Bmollis aliquam orci. Nulla a ex quam.', ' Sed at lacus dui. Praesent elementum purus in mollis varius. Duis vel vulputate mi. Sed a dolor id massa accumsan vestibulum eu quis erat. Suspendisse ultricies tortor lorem, eget dictum dui ullamcorper nec. Sed eget velit eu risus gravida tempor. Quisque eu tincidunt nisl. Ut eu ultricies nisi. Donec consectetur purus in metus lobortis consequat. Morbi quis rhoncus dolor, eu sagittis nunc. Duis dignissim ipsum turpis. Nunc sit amet consectetur massa, et auctor justo. Morbi rhoncus fermentum nulla ut feugiat. Nunc odio tellus, luctus ac efficitur in, porttitor et ex. Duis nec lobortis sem, at gravida purus.\r\n\r\nLorem ipsum dolor sit amet, consectetur adipiscing elit. Mauris nec vehicula lectus. Nulla pulvinar dolor id molestie efficitur. Phasellus sed libero nec risus faucibus dignissim nec nec ex. Praesent sit amet feugiat sapien, sit amet rhoncus mauris. Nam tristique cursus massa nec molestie. Sed et hendrerit dui, et sagittis magna. Phasellus ut turpis sem. Mauris ipsum ligula, viverra non venenatis at, tempus id enim. Ut laoreet elit vitae ipsum varius volutpat. Vestibulum semper euismod bibendum. Pellentesque habitant morbi tristique senectus et netus et malesuada fames ac turpis egestas. Ut volutpat dapibus interdum. Praesent mattis accumsan vestibulum.\r\n\r\nMaecenas consectetur, leo in porta placerat, ex ex pretium purus, ac venenatis risus nunc ac magna. Nam in lorem nunc. Donec iaculis neque id lacus ultrices, cursus luctus est congue. In hac habitasse platea dictumst. Donec mollis enim a est tincidunt venenatis. Sed luctus vestibulum nulla nec suscipit. Ut sodales, ipsum a iaculis tincidunt, mauris ex efficitur ante, vel malesuada lacus quam id tortor. Phasellus a finibus dolor. Sed ultricies massa nunc, dictum pellentesque ligula posuere nec. Sed dui turpis, malesuada non ex eu, viverra lobortis urna. Mauris et porta leo, mollis aliquam orci. Nulla a ex quam. ', NULL, 0, 0),
(92, 6, '2018-02-16 00:00:00', 'Bmollis aliquam orci. Nulla a ex quam.', ' Sed at lacus dui. Praesent elementum purus in mollis varius. Duis vel vulputate mi. Sed a dolor id massa accumsan vestibulum eu quis erat. Suspendisse ultricies tortor lorem, eget dictum dui ullamcorper nec. Sed eget velit eu risus gravida tempor. Quisque eu tincidunt nisl. Ut eu ultricies nisi. Donec consectetur purus in metus lobortis consequat. Morbi quis rhoncus dolor, eu sagittis nunc. Duis dignissim ipsum turpis. Nunc sit amet consectetur massa, et auctor justo. Morbi rhoncus fermentum nulla ut feugiat. Nunc odio tellus, luctus ac efficitur in, porttitor et ex. Duis nec lobortis sem, at gravida purus.\r\n\r\nLorem ipsum dolor sit amet, consectetur adipiscing elit. Mauris nec vehicula lectus. Nulla pulvinar dolor id molestie efficitur. Phasellus sed libero nec risus faucibus dignissim nec nec ex. Praesent sit amet feugiat sapien, sit amet rhoncus mauris. Nam tristique cursus massa nec molestie. Sed et hendrerit dui, et sagittis magna. Phasellus ut turpis sem. Mauris ipsum ligula, viverra non venenatis at, tempus id enim. Ut laoreet elit vitae ipsum varius volutpat. Vestibulum semper euismod bibendum. Pellentesque habitant morbi tristique senectus et netus et malesuada fames ac turpis egestas. Ut volutpat dapibus interdum. Praesent mattis accumsan vestibulum.\r\n\r\nMaecenas consectetur, leo in porta placerat, ex ex pretium purus, ac venenatis risus nunc ac magna. Nam in lorem nunc. Donec iaculis neque id lacus ultrices, cursus luctus est congue. In hac habitasse platea dictumst. Donec mollis enim a est tincidunt venenatis. Sed luctus vestibulum nulla nec suscipit. Ut sodales, ipsum a iaculis tincidunt, mauris ex efficitur ante, vel malesuada lacus quam id tortor. Phasellus a finibus dolor. Sed ultricies massa nunc, dictum pellentesque ligula posuere nec. Sed dui turpis, malesuada non ex eu, viverra lobortis urna. Mauris et porta leo, mollis aliquam orci. Nulla a ex quam. ', NULL, 0, 0),
(93, 6, '2018-02-16 00:00:00', 'Bmollis aliquam orci. Nulla a ex quam.', ' Sed at lacus dui. Praesent elementum purus in mollis varius. Duis vel vulputate mi. Sed a dolor id massa accumsan vestibulum eu quis erat. Suspendisse ultricies tortor lorem, eget dictum dui ullamcorper nec. Sed eget velit eu risus gravida tempor. Quisque eu tincidunt nisl. Ut eu ultricies nisi. Donec consectetur purus in metus lobortis consequat. Morbi quis rhoncus dolor, eu sagittis nunc. Duis dignissim ipsum turpis. Nunc sit amet consectetur massa, et auctor justo. Morbi rhoncus fermentum nulla ut feugiat. Nunc odio tellus, luctus ac efficitur in, porttitor et ex. Duis nec lobortis sem, at gravida purus.\r\n\r\nLorem ipsum dolor sit amet, consectetur adipiscing elit. Mauris nec vehicula lectus. Nulla pulvinar dolor id molestie efficitur. Phasellus sed libero nec risus faucibus dignissim nec nec ex. Praesent sit amet feugiat sapien, sit amet rhoncus mauris. Nam tristique cursus massa nec molestie. Sed et hendrerit dui, et sagittis magna. Phasellus ut turpis sem. Mauris ipsum ligula, viverra non venenatis at, tempus id enim. Ut laoreet elit vitae ipsum varius volutpat. Vestibulum semper euismod bibendum. Pellentesque habitant morbi tristique senectus et netus et malesuada fames ac turpis egestas. Ut volutpat dapibus interdum. Praesent mattis accumsan vestibulum.\r\n\r\nMaecenas consectetur, leo in porta placerat, ex ex pretium purus, ac venenatis risus nunc ac magna. Nam in lorem nunc. Donec iaculis neque id lacus ultrices, cursus luctus est congue. In hac habitasse platea dictumst. Donec mollis enim a est tincidunt venenatis. Sed luctus vestibulum nulla nec suscipit. Ut sodales, ipsum a iaculis tincidunt, mauris ex efficitur ante, vel malesuada lacus quam id tortor. Phasellus a finibus dolor. Sed ultricies massa nunc, dictum pellentesque ligula posuere nec. Sed dui turpis, malesuada non ex eu, viverra lobortis urna. Mauris et porta leo, mollis aliquam orci. Nulla a ex quam. ', NULL, 0, 0),
(94, 6, '2018-02-16 00:00:00', 'Bmollis aliquam orci. Nulla a ex quam.', ' Sed at lacus dui. Praesent elementum purus in mollis varius. Duis vel vulputate mi. Sed a dolor id massa accumsan vestibulum eu quis erat. Suspendisse ultricies tortor lorem, eget dictum dui ullamcorper nec. Sed eget velit eu risus gravida tempor. Quisque eu tincidunt nisl. Ut eu ultricies nisi. Donec consectetur purus in metus lobortis consequat. Morbi quis rhoncus dolor, eu sagittis nunc. Duis dignissim ipsum turpis. Nunc sit amet consectetur massa, et auctor justo. Morbi rhoncus fermentum nulla ut feugiat. Nunc odio tellus, luctus ac efficitur in, porttitor et ex. Duis nec lobortis sem, at gravida purus.\r\n\r\nLorem ipsum dolor sit amet, consectetur adipiscing elit. Mauris nec vehicula lectus. Nulla pulvinar dolor id molestie efficitur. Phasellus sed libero nec risus faucibus dignissim nec nec ex. Praesent sit amet feugiat sapien, sit amet rhoncus mauris. Nam tristique cursus massa nec molestie. Sed et hendrerit dui, et sagittis magna. Phasellus ut turpis sem. Mauris ipsum ligula, viverra non venenatis at, tempus id enim. Ut laoreet elit vitae ipsum varius volutpat. Vestibulum semper euismod bibendum. Pellentesque habitant morbi tristique senectus et netus et malesuada fames ac turpis egestas. Ut volutpat dapibus interdum. Praesent mattis accumsan vestibulum.\r\n\r\nMaecenas consectetur, leo in porta placerat, ex ex pretium purus, ac venenatis risus nunc ac magna. Nam in lorem nunc. Donec iaculis neque id lacus ultrices, cursus luctus est congue. In hac habitasse platea dictumst. Donec mollis enim a est tincidunt venenatis. Sed luctus vestibulum nulla nec suscipit. Ut sodales, ipsum a iaculis tincidunt, mauris ex efficitur ante, vel malesuada lacus quam id tortor. Phasellus a finibus dolor. Sed ultricies massa nunc, dictum pellentesque ligula posuere nec. Sed dui turpis, malesuada non ex eu, viverra lobortis urna. Mauris et porta leo, mollis aliquam orci. Nulla a ex quam. ', NULL, 0, 0),
(95, 6, '2018-02-16 00:00:00', 'Bmollis aliquam orci. Nulla a ex quam.', ' Sed at lacus dui. Praesent elementum purus in mollis varius. Duis vel vulputate mi. Sed a dolor id massa accumsan vestibulum eu quis erat. Suspendisse ultricies tortor lorem, eget dictum dui ullamcorper nec. Sed eget velit eu risus gravida tempor. Quisque eu tincidunt nisl. Ut eu ultricies nisi. Donec consectetur purus in metus lobortis consequat. Morbi quis rhoncus dolor, eu sagittis nunc. Duis dignissim ipsum turpis. Nunc sit amet consectetur massa, et auctor justo. Morbi rhoncus fermentum nulla ut feugiat. Nunc odio tellus, luctus ac efficitur in, porttitor et ex. Duis nec lobortis sem, at gravida purus.\r\n\r\nLorem ipsum dolor sit amet, consectetur adipiscing elit. Mauris nec vehicula lectus. Nulla pulvinar dolor id molestie efficitur. Phasellus sed libero nec risus faucibus dignissim nec nec ex. Praesent sit amet feugiat sapien, sit amet rhoncus mauris. Nam tristique cursus massa nec molestie. Sed et hendrerit dui, et sagittis magna. Phasellus ut turpis sem. Mauris ipsum ligula, viverra non venenatis at, tempus id enim. Ut laoreet elit vitae ipsum varius volutpat. Vestibulum semper euismod bibendum. Pellentesque habitant morbi tristique senectus et netus et malesuada fames ac turpis egestas. Ut volutpat dapibus interdum. Praesent mattis accumsan vestibulum.\r\n\r\nMaecenas consectetur, leo in porta placerat, ex ex pretium purus, ac venenatis risus nunc ac magna. Nam in lorem nunc. Donec iaculis neque id lacus ultrices, cursus luctus est congue. In hac habitasse platea dictumst. Donec mollis enim a est tincidunt venenatis. Sed luctus vestibulum nulla nec suscipit. Ut sodales, ipsum a iaculis tincidunt, mauris ex efficitur ante, vel malesuada lacus quam id tortor. Phasellus a finibus dolor. Sed ultricies massa nunc, dictum pellentesque ligula posuere nec. Sed dui turpis, malesuada non ex eu, viverra lobortis urna. Mauris et porta leo, mollis aliquam orci. Nulla a ex quam. ', NULL, 0, 0),
(96, 6, '2018-02-16 00:00:00', 'Bmollis aliquam orci. Nulla a ex quam.', ' Sed at lacus dui. Praesent elementum purus in mollis varius. Duis vel vulputate mi. Sed a dolor id massa accumsan vestibulum eu quis erat. Suspendisse ultricies tortor lorem, eget dictum dui ullamcorper nec. Sed eget velit eu risus gravida tempor. Quisque eu tincidunt nisl. Ut eu ultricies nisi. Donec consectetur purus in metus lobortis consequat. Morbi quis rhoncus dolor, eu sagittis nunc. Duis dignissim ipsum turpis. Nunc sit amet consectetur massa, et auctor justo. Morbi rhoncus fermentum nulla ut feugiat. Nunc odio tellus, luctus ac efficitur in, porttitor et ex. Duis nec lobortis sem, at gravida purus.\r\n\r\nLorem ipsum dolor sit amet, consectetur adipiscing elit. Mauris nec vehicula lectus. Nulla pulvinar dolor id molestie efficitur. Phasellus sed libero nec risus faucibus dignissim nec nec ex. Praesent sit amet feugiat sapien, sit amet rhoncus mauris. Nam tristique cursus massa nec molestie. Sed et hendrerit dui, et sagittis magna. Phasellus ut turpis sem. Mauris ipsum ligula, viverra non venenatis at, tempus id enim. Ut laoreet elit vitae ipsum varius volutpat. Vestibulum semper euismod bibendum. Pellentesque habitant morbi tristique senectus et netus et malesuada fames ac turpis egestas. Ut volutpat dapibus interdum. Praesent mattis accumsan vestibulum.\r\n\r\nMaecenas consectetur, leo in porta placerat, ex ex pretium purus, ac venenatis risus nunc ac magna. Nam in lorem nunc. Donec iaculis neque id lacus ultrices, cursus luctus est congue. In hac habitasse platea dictumst. Donec mollis enim a est tincidunt venenatis. Sed luctus vestibulum nulla nec suscipit. Ut sodales, ipsum a iaculis tincidunt, mauris ex efficitur ante, vel malesuada lacus quam id tortor. Phasellus a finibus dolor. Sed ultricies massa nunc, dictum pellentesque ligula posuere nec. Sed dui turpis, malesuada non ex eu, viverra lobortis urna. Mauris et porta leo, mollis aliquam orci. Nulla a ex quam. ', NULL, 0, 0),
(97, 6, '2018-02-16 00:00:00', 'Bmollis aliquam orci. Nulla a ex quam.', ' Sed at lacus dui. Praesent elementum purus in mollis varius. Duis vel vulputate mi. Sed a dolor id massa accumsan vestibulum eu quis erat. Suspendisse ultricies tortor lorem, eget dictum dui ullamcorper nec. Sed eget velit eu risus gravida tempor. Quisque eu tincidunt nisl. Ut eu ultricies nisi. Donec consectetur purus in metus lobortis consequat. Morbi quis rhoncus dolor, eu sagittis nunc. Duis dignissim ipsum turpis. Nunc sit amet consectetur massa, et auctor justo. Morbi rhoncus fermentum nulla ut feugiat. Nunc odio tellus, luctus ac efficitur in, porttitor et ex. Duis nec lobortis sem, at gravida purus.\r\n\r\nLorem ipsum dolor sit amet, consectetur adipiscing elit. Mauris nec vehicula lectus. Nulla pulvinar dolor id molestie efficitur. Phasellus sed libero nec risus faucibus dignissim nec nec ex. Praesent sit amet feugiat sapien, sit amet rhoncus mauris. Nam tristique cursus massa nec molestie. Sed et hendrerit dui, et sagittis magna. Phasellus ut turpis sem. Mauris ipsum ligula, viverra non venenatis at, tempus id enim. Ut laoreet elit vitae ipsum varius volutpat. Vestibulum semper euismod bibendum. Pellentesque habitant morbi tristique senectus et netus et malesuada fames ac turpis egestas. Ut volutpat dapibus interdum. Praesent mattis accumsan vestibulum.\r\n\r\nMaecenas consectetur, leo in porta placerat, ex ex pretium purus, ac venenatis risus nunc ac magna. Nam in lorem nunc. Donec iaculis neque id lacus ultrices, cursus luctus est congue. In hac habitasse platea dictumst. Donec mollis enim a est tincidunt venenatis. Sed luctus vestibulum nulla nec suscipit. Ut sodales, ipsum a iaculis tincidunt, mauris ex efficitur ante, vel malesuada lacus quam id tortor. Phasellus a finibus dolor. Sed ultricies massa nunc, dictum pellentesque ligula posuere nec. Sed dui turpis, malesuada non ex eu, viverra lobortis urna. Mauris et porta leo, mollis aliquam orci. Nulla a ex quam. ', NULL, 0, 0),
(98, 6, '2018-02-16 00:00:00', 'Bmollis aliquam orci. Nulla a ex quam.', ' Sed at lacus dui. Praesent elementum purus in mollis varius. Duis vel vulputate mi. Sed a dolor id massa accumsan vestibulum eu quis erat. Suspendisse ultricies tortor lorem, eget dictum dui ullamcorper nec. Sed eget velit eu risus gravida tempor. Quisque eu tincidunt nisl. Ut eu ultricies nisi. Donec consectetur purus in metus lobortis consequat. Morbi quis rhoncus dolor, eu sagittis nunc. Duis dignissim ipsum turpis. Nunc sit amet consectetur massa, et auctor justo. Morbi rhoncus fermentum nulla ut feugiat. Nunc odio tellus, luctus ac efficitur in, porttitor et ex. Duis nec lobortis sem, at gravida purus.\r\n\r\nLorem ipsum dolor sit amet, consectetur adipiscing elit. Mauris nec vehicula lectus. Nulla pulvinar dolor id molestie efficitur. Phasellus sed libero nec risus faucibus dignissim nec nec ex. Praesent sit amet feugiat sapien, sit amet rhoncus mauris. Nam tristique cursus massa nec molestie. Sed et hendrerit dui, et sagittis magna. Phasellus ut turpis sem. Mauris ipsum ligula, viverra non venenatis at, tempus id enim. Ut laoreet elit vitae ipsum varius volutpat. Vestibulum semper euismod bibendum. Pellentesque habitant morbi tristique senectus et netus et malesuada fames ac turpis egestas. Ut volutpat dapibus interdum. Praesent mattis accumsan vestibulum.\r\n\r\nMaecenas consectetur, leo in porta placerat, ex ex pretium purus, ac venenatis risus nunc ac magna. Nam in lorem nunc. Donec iaculis neque id lacus ultrices, cursus luctus est congue. In hac habitasse platea dictumst. Donec mollis enim a est tincidunt venenatis. Sed luctus vestibulum nulla nec suscipit. Ut sodales, ipsum a iaculis tincidunt, mauris ex efficitur ante, vel malesuada lacus quam id tortor. Phasellus a finibus dolor. Sed ultricies massa nunc, dictum pellentesque ligula posuere nec. Sed dui turpis, malesuada non ex eu, viverra lobortis urna. Mauris et porta leo, mollis aliquam orci. Nulla a ex quam. ', NULL, 20, 0),
(99, 6, '2018-02-16 00:00:00', 'Bmollis aliquam orci. Nulla a ex quam.', ' Sed at lacus dui. Praesent elementum purus in mollis varius. Duis vel vulputate mi. Sed a dolor id massa accumsan vestibulum eu quis erat. Suspendisse ultricies tortor lorem, eget dictum dui ullamcorper nec. Sed eget velit eu risus gravida tempor. Quisque eu tincidunt nisl. Ut eu ultricies nisi. Donec consectetur purus in metus lobortis consequat. Morbi quis rhoncus dolor, eu sagittis nunc. Duis dignissim ipsum turpis. Nunc sit amet consectetur massa, et auctor justo. Morbi rhoncus fermentum nulla ut feugiat. Nunc odio tellus, luctus ac efficitur in, porttitor et ex. Duis nec lobortis sem, at gravida purus.\r\n\r\nLorem ipsum dolor sit amet, consectetur adipiscing elit. Mauris nec vehicula lectus. Nulla pulvinar dolor id molestie efficitur. Phasellus sed libero nec risus faucibus dignissim nec nec ex. Praesent sit amet feugiat sapien, sit amet rhoncus mauris. Nam tristique cursus massa nec molestie. Sed et hendrerit dui, et sagittis magna. Phasellus ut turpis sem. Mauris ipsum ligula, viverra non venenatis at, tempus id enim. Ut laoreet elit vitae ipsum varius volutpat. Vestibulum semper euismod bibendum. Pellentesque habitant morbi tristique senectus et netus et malesuada fames ac turpis egestas. Ut volutpat dapibus interdum. Praesent mattis accumsan vestibulum.\r\n\r\nMaecenas consectetur, leo in porta placerat, ex ex pretium purus, ac venenatis risus nunc ac magna. Nam in lorem nunc. Donec iaculis neque id lacus ultrices, cursus luctus est congue. In hac habitasse platea dictumst. Donec mollis enim a est tincidunt venenatis. Sed luctus vestibulum nulla nec suscipit. Ut sodales, ipsum a iaculis tincidunt, mauris ex efficitur ante, vel malesuada lacus quam id tortor. Phasellus a finibus dolor. Sed ultricies massa nunc, dictum pellentesque ligula posuere nec. Sed dui turpis, malesuada non ex eu, viverra lobortis urna. Mauris et porta leo, mollis aliquam orci. Nulla a ex quam. ', NULL, 0, 0),
(100, 6, '2018-02-16 00:00:00', 'Bmollis aliquam orci. Nulla a ex quam.', ' Sed at lacus dui. Praesent elementum purus in mollis varius. Duis vel vulputate mi. Sed a dolor id massa accumsan vestibulum eu quis erat. Suspendisse ultricies tortor lorem, eget dictum dui ullamcorper nec. Sed eget velit eu risus gravida tempor. Quisque eu tincidunt nisl. Ut eu ultricies nisi. Donec consectetur purus in metus lobortis consequat. Morbi quis rhoncus dolor, eu sagittis nunc. Duis dignissim ipsum turpis. Nunc sit amet consectetur massa, et auctor justo. Morbi rhoncus fermentum nulla ut feugiat. Nunc odio tellus, luctus ac efficitur in, porttitor et ex. Duis nec lobortis sem, at gravida purus.\r\n\r\nLorem ipsum dolor sit amet, consectetur adipiscing elit. Mauris nec vehicula lectus. Nulla pulvinar dolor id molestie efficitur. Phasellus sed libero nec risus faucibus dignissim nec nec ex. Praesent sit amet feugiat sapien, sit amet rhoncus mauris. Nam tristique cursus massa nec molestie. Sed et hendrerit dui, et sagittis magna. Phasellus ut turpis sem. Mauris ipsum ligula, viverra non venenatis at, tempus id enim. Ut laoreet elit vitae ipsum varius volutpat. Vestibulum semper euismod bibendum. Pellentesque habitant morbi tristique senectus et netus et malesuada fames ac turpis egestas. Ut volutpat dapibus interdum. Praesent mattis accumsan vestibulum.\r\n\r\nMaecenas consectetur, leo in porta placerat, ex ex pretium purus, ac venenatis risus nunc ac magna. Nam in lorem nunc. Donec iaculis neque id lacus ultrices, cursus luctus est congue. In hac habitasse platea dictumst. Donec mollis enim a est tincidunt venenatis. Sed luctus vestibulum nulla nec suscipit. Ut sodales, ipsum a iaculis tincidunt, mauris ex efficitur ante, vel malesuada lacus quam id tortor. Phasellus a finibus dolor. Sed ultricies massa nunc, dictum pellentesque ligula posuere nec. Sed dui turpis, malesuada non ex eu, viverra lobortis urna. Mauris et porta leo, mollis aliquam orci. Nulla a ex quam. ', NULL, 0, 0),
(101, 3, '2018-02-16 00:00:00', 'Bmollis aliquam orci. Nulla a ex quam.', ' Sed at lacus dui. Praesent elementum purus in mollis varius. Duis vel vulputate mi. Sed a dolor id massa accumsan vestibulum eu quis erat. Suspendisse ultricies tortor lorem, eget dictum dui ullamcorper nec. Sed eget velit eu risus gravida tempor. Quisque eu tincidunt nisl. Ut eu ultricies nisi. Donec consectetur purus in metus lobortis consequat. Morbi quis rhoncus dolor, eu sagittis nunc. Duis dignissim ipsum turpis. Nunc sit amet consectetur massa, et auctor justo. Morbi rhoncus fermentum nulla ut feugiat. Nunc odio tellus, luctus ac efficitur in, porttitor et ex. Duis nec lobortis sem, at gravida purus.\r\n\r\nLorem ipsum dolor sit amet, consectetur adipiscing elit. Mauris nec vehicula lectus. Nulla pulvinar dolor id molestie efficitur. Phasellus sed libero nec risus faucibus dignissim nec nec ex. Praesent sit amet feugiat sapien, sit amet rhoncus mauris. Nam tristique cursus massa nec molestie. Sed et hendrerit dui, et sagittis magna. Phasellus ut turpis sem. Mauris ipsum ligula, viverra non venenatis at, tempus id enim. Ut laoreet elit vitae ipsum varius volutpat. Vestibulum semper euismod bibendum. Pellentesque habitant morbi tristique senectus et netus et malesuada fames ac turpis egestas. Ut volutpat dapibus interdum. Praesent mattis accumsan vestibulum.\r\n\r\nMaecenas consectetur, leo in porta placerat, ex ex pretium purus, ac venenatis risus nunc ac magna. Nam in lorem nunc. Donec iaculis neque id lacus ultrices, cursus luctus est congue. In hac habitasse platea dictumst. Donec mollis enim a est tincidunt venenatis. Sed luctus vestibulum nulla nec suscipit. Ut sodales, ipsum a iaculis tincidunt, mauris ex efficitur ante, vel malesuada lacus quam id tortor. Phasellus a finibus dolor. Sed ultricies massa nunc, dictum pellentesque ligula posuere nec. Sed dui turpis, malesuada non ex eu, viverra lobortis urna. Mauris et porta leo, mollis aliquam orci. Nulla a ex quam. ', NULL, 0, 0),
(102, 3, '2018-02-16 17:58:19', 'Bmollis aliquam orci. Nulla a ex quam.', ' Sed at lacus dui. Praesent elementum purus in mollis varius. Duis vel vulputate mi. Sed a dolor id massa accumsan vestibulum eu quis erat. Suspendisse ultricies tortor lorem, eget dictum dui ullamcorper nec. Sed eget velit eu risus gravida tempor. Quisque eu tincidunt nisl. Ut eu ultricies nisi. Donec consectetur purus in metus lobortis consequat. Morbi quis rhoncus dolor, eu sagittis nunc. Duis dignissim ipsum turpis. Nunc sit amet consectetur massa, et auctor justo. Morbi rhoncus fermentum nulla ut feugiat. Nunc odio tellus, luctus ac efficitur in, porttitor et ex. Duis nec lobortis sem, at gravida purus.\r\n\r\nLorem ipsum dolor sit amet, consectetur adipiscing elit. Mauris nec vehicula lectus. Nulla pulvinar dolor id molestie efficitur. Phasellus sed libero nec risus faucibus dignissim nec nec ex. Praesent sit amet feugiat sapien, sit amet rhoncus mauris. Nam tristique cursus massa nec molestie. Sed et hendrerit dui, et sagittis magna. Phasellus ut turpis sem. Mauris ipsum ligula, viverra non venenatis at, tempus id enim. Ut laoreet elit vitae ipsum varius volutpat. Vestibulum semper euismod bibendum. Pellentesque habitant morbi tristique senectus et netus et malesuada fames ac turpis egestas. Ut volutpat dapibus interdum. Praesent mattis accumsan vestibulum.\r\n\r\nMaecenas consectetur, leo in porta placerat, ex ex pretium purus, ac venenatis risus nunc ac magna. Nam in lorem nunc. Donec iaculis neque id lacus ultrices, cursus luctus est congue. In hac habitasse platea dictumst. Donec mollis enim a est tincidunt venenatis. Sed luctus vestibulum nulla nec suscipit. Ut sodales, ipsum a iaculis tincidunt, mauris ex efficitur ante, vel malesuada lacus quam id tortor. Phasellus a finibus dolor. Sed ultricies massa nunc, dictum pellentesque ligula posuere nec. Sed dui turpis, malesuada non ex eu, viverra lobortis urna. Mauris et porta leo, mollis aliquam orci. Nulla a ex quam. ', '1518800299', 0, 1),
(103, 3, '2018-02-16 00:00:00', 'Bmollis aliquam orci. Nulla a ex quam.', ' Sed at lacus dui. Praesent elementum purus in mollis varius. Duis vel vulputate mi. Sed a dolor id massa accumsan vestibulum eu quis erat. Suspendisse ultricies tortor lorem, eget dictum dui ullamcorper nec. Sed eget velit eu risus gravida tempor. Quisque eu tincidunt nisl. Ut eu ultricies nisi. Donec consectetur purus in metus lobortis consequat. Morbi quis rhoncus dolor, eu sagittis nunc. Duis dignissim ipsum turpis. Nunc sit amet consectetur massa, et auctor justo. Morbi rhoncus fermentum nulla ut feugiat. Nunc odio tellus, luctus ac efficitur in, porttitor et ex. Duis nec lobortis sem, at gravida purus.\r\n\r\nLorem ipsum dolor sit amet, consectetur adipiscing elit. Mauris nec vehicula lectus. Nulla pulvinar dolor id molestie efficitur. Phasellus sed libero nec risus faucibus dignissim nec nec ex. Praesent sit amet feugiat sapien, sit amet rhoncus mauris. Nam tristique cursus massa nec molestie. Sed et hendrerit dui, et sagittis magna. Phasellus ut turpis sem. Mauris ipsum ligula, viverra non venenatis at, tempus id enim. Ut laoreet elit vitae ipsum varius volutpat. Vestibulum semper euismod bibendum. Pellentesque habitant morbi tristique senectus et netus et malesuada fames ac turpis egestas. Ut volutpat dapibus interdum. Praesent mattis accumsan vestibulum.\r\n\r\nMaecenas consectetur, leo in porta placerat, ex ex pretium purus, ac venenatis risus nunc ac magna. Nam in lorem nunc. Donec iaculis neque id lacus ultrices, cursus luctus est congue. In hac habitasse platea dictumst. Donec mollis enim a est tincidunt venenatis. Sed luctus vestibulum nulla nec suscipit. Ut sodales, ipsum a iaculis tincidunt, mauris ex efficitur ante, vel malesuada lacus quam id tortor. Phasellus a finibus dolor. Sed ultricies massa nunc, dictum pellentesque ligula posuere nec. Sed dui turpis, malesuada non ex eu, viverra lobortis urna. Mauris et porta leo, mollis aliquam orci. Nulla a ex quam. ', NULL, 0, 0),
(104, 3, '2018-02-16 00:00:00', 'Bmollis aliquam orci. Nulla a ex quam.', ' Sed at lacus dui. Praesent elementum purus in mollis varius. Duis vel vulputate mi. Sed a dolor id massa accumsan vestibulum eu quis erat. Suspendisse ultricies tortor lorem, eget dictum dui ullamcorper nec. Sed eget velit eu risus gravida tempor. Quisque eu tincidunt nisl. Ut eu ultricies nisi. Donec consectetur purus in metus lobortis consequat. Morbi quis rhoncus dolor, eu sagittis nunc. Duis dignissim ipsum turpis. Nunc sit amet consectetur massa, et auctor justo. Morbi rhoncus fermentum nulla ut feugiat. Nunc odio tellus, luctus ac efficitur in, porttitor et ex. Duis nec lobortis sem, at gravida purus.\r\n\r\nLorem ipsum dolor sit amet, consectetur adipiscing elit. Mauris nec vehicula lectus. Nulla pulvinar dolor id molestie efficitur. Phasellus sed libero nec risus faucibus dignissim nec nec ex. Praesent sit amet feugiat sapien, sit amet rhoncus mauris. Nam tristique cursus massa nec molestie. Sed et hendrerit dui, et sagittis magna. Phasellus ut turpis sem. Mauris ipsum ligula, viverra non venenatis at, tempus id enim. Ut laoreet elit vitae ipsum varius volutpat. Vestibulum semper euismod bibendum. Pellentesque habitant morbi tristique senectus et netus et malesuada fames ac turpis egestas. Ut volutpat dapibus interdum. Praesent mattis accumsan vestibulum.\r\n\r\nMaecenas consectetur, leo in porta placerat, ex ex pretium purus, ac venenatis risus nunc ac magna. Nam in lorem nunc. Donec iaculis neque id lacus ultrices, cursus luctus est congue. In hac habitasse platea dictumst. Donec mollis enim a est tincidunt venenatis. Sed luctus vestibulum nulla nec suscipit. Ut sodales, ipsum a iaculis tincidunt, mauris ex efficitur ante, vel malesuada lacus quam id tortor. Phasellus a finibus dolor. Sed ultricies massa nunc, dictum pellentesque ligula posuere nec. Sed dui turpis, malesuada non ex eu, viverra lobortis urna. Mauris et porta leo, mollis aliquam orci. Nulla a ex quam. ', NULL, 0, 0),
(105, 3, '2018-02-16 00:00:00', 'Bmollis aliquam orci. Nulla a ex quam.', ' Sed at lacus dui. Praesent elementum purus in mollis varius. Duis vel vulputate mi. Sed a dolor id massa accumsan vestibulum eu quis erat. Suspendisse ultricies tortor lorem, eget dictum dui ullamcorper nec. Sed eget velit eu risus gravida tempor. Quisque eu tincidunt nisl. Ut eu ultricies nisi. Donec consectetur purus in metus lobortis consequat. Morbi quis rhoncus dolor, eu sagittis nunc. Duis dignissim ipsum turpis. Nunc sit amet consectetur massa, et auctor justo. Morbi rhoncus fermentum nulla ut feugiat. Nunc odio tellus, luctus ac efficitur in, porttitor et ex. Duis nec lobortis sem, at gravida purus.\r\n\r\nLorem ipsum dolor sit amet, consectetur adipiscing elit. Mauris nec vehicula lectus. Nulla pulvinar dolor id molestie efficitur. Phasellus sed libero nec risus faucibus dignissim nec nec ex. Praesent sit amet feugiat sapien, sit amet rhoncus mauris. Nam tristique cursus massa nec molestie. Sed et hendrerit dui, et sagittis magna. Phasellus ut turpis sem. Mauris ipsum ligula, viverra non venenatis at, tempus id enim. Ut laoreet elit vitae ipsum varius volutpat. Vestibulum semper euismod bibendum. Pellentesque habitant morbi tristique senectus et netus et malesuada fames ac turpis egestas. Ut volutpat dapibus interdum. Praesent mattis accumsan vestibulum.\r\n\r\nMaecenas consectetur, leo in porta placerat, ex ex pretium purus, ac venenatis risus nunc ac magna. Nam in lorem nunc. Donec iaculis neque id lacus ultrices, cursus luctus est congue. In hac habitasse platea dictumst. Donec mollis enim a est tincidunt venenatis. Sed luctus vestibulum nulla nec suscipit. Ut sodales, ipsum a iaculis tincidunt, mauris ex efficitur ante, vel malesuada lacus quam id tortor. Phasellus a finibus dolor. Sed ultricies massa nunc, dictum pellentesque ligula posuere nec. Sed dui turpis, malesuada non ex eu, viverra lobortis urna. Mauris et porta leo, mollis aliquam orci. Nulla a ex quam. ', NULL, 0, 0),
(106, 3, '2018-02-16 00:00:00', 'Bmollis aliquam orci. Nulla a ex quam.', ' Sed at lacus dui. Praesent elementum purus in mollis varius. Duis vel vulputate mi. Sed a dolor id massa accumsan vestibulum eu quis erat. Suspendisse ultricies tortor lorem, eget dictum dui ullamcorper nec. Sed eget velit eu risus gravida tempor. Quisque eu tincidunt nisl. Ut eu ultricies nisi. Donec consectetur purus in metus lobortis consequat. Morbi quis rhoncus dolor, eu sagittis nunc. Duis dignissim ipsum turpis. Nunc sit amet consectetur massa, et auctor justo. Morbi rhoncus fermentum nulla ut feugiat. Nunc odio tellus, luctus ac efficitur in, porttitor et ex. Duis nec lobortis sem, at gravida purus.\r\n\r\nLorem ipsum dolor sit amet, consectetur adipiscing elit. Mauris nec vehicula lectus. Nulla pulvinar dolor id molestie efficitur. Phasellus sed libero nec risus faucibus dignissim nec nec ex. Praesent sit amet feugiat sapien, sit amet rhoncus mauris. Nam tristique cursus massa nec molestie. Sed et hendrerit dui, et sagittis magna. Phasellus ut turpis sem. Mauris ipsum ligula, viverra non venenatis at, tempus id enim. Ut laoreet elit vitae ipsum varius volutpat. Vestibulum semper euismod bibendum. Pellentesque habitant morbi tristique senectus et netus et malesuada fames ac turpis egestas. Ut volutpat dapibus interdum. Praesent mattis accumsan vestibulum.\r\n\r\nMaecenas consectetur, leo in porta placerat, ex ex pretium purus, ac venenatis risus nunc ac magna. Nam in lorem nunc. Donec iaculis neque id lacus ultrices, cursus luctus est congue. In hac habitasse platea dictumst. Donec mollis enim a est tincidunt venenatis. Sed luctus vestibulum nulla nec suscipit. Ut sodales, ipsum a iaculis tincidunt, mauris ex efficitur ante, vel malesuada lacus quam id tortor. Phasellus a finibus dolor. Sed ultricies massa nunc, dictum pellentesque ligula posuere nec. Sed dui turpis, malesuada non ex eu, viverra lobortis urna. Mauris et porta leo, mollis aliquam orci. Nulla a ex quam. ', NULL, 0, 0),
(107, 3, '2018-02-16 00:00:00', 'Bmollis aliquam orci. Nulla a ex quam.', ' Sed at lacus dui. Praesent elementum purus in mollis varius. Duis vel vulputate mi. Sed a dolor id massa accumsan vestibulum eu quis erat. Suspendisse ultricies tortor lorem, eget dictum dui ullamcorper nec. Sed eget velit eu risus gravida tempor. Quisque eu tincidunt nisl. Ut eu ultricies nisi. Donec consectetur purus in metus lobortis consequat. Morbi quis rhoncus dolor, eu sagittis nunc. Duis dignissim ipsum turpis. Nunc sit amet consectetur massa, et auctor justo. Morbi rhoncus fermentum nulla ut feugiat. Nunc odio tellus, luctus ac efficitur in, porttitor et ex. Duis nec lobortis sem, at gravida purus.\r\n\r\nLorem ipsum dolor sit amet, consectetur adipiscing elit. Mauris nec vehicula lectus. Nulla pulvinar dolor id molestie efficitur. Phasellus sed libero nec risus faucibus dignissim nec nec ex. Praesent sit amet feugiat sapien, sit amet rhoncus mauris. Nam tristique cursus massa nec molestie. Sed et hendrerit dui, et sagittis magna. Phasellus ut turpis sem. Mauris ipsum ligula, viverra non venenatis at, tempus id enim. Ut laoreet elit vitae ipsum varius volutpat. Vestibulum semper euismod bibendum. Pellentesque habitant morbi tristique senectus et netus et malesuada fames ac turpis egestas. Ut volutpat dapibus interdum. Praesent mattis accumsan vestibulum.\r\n\r\nMaecenas consectetur, leo in porta placerat, ex ex pretium purus, ac venenatis risus nunc ac magna. Nam in lorem nunc. Donec iaculis neque id lacus ultrices, cursus luctus est congue. In hac habitasse platea dictumst. Donec mollis enim a est tincidunt venenatis. Sed luctus vestibulum nulla nec suscipit. Ut sodales, ipsum a iaculis tincidunt, mauris ex efficitur ante, vel malesuada lacus quam id tortor. Phasellus a finibus dolor. Sed ultricies massa nunc, dictum pellentesque ligula posuere nec. Sed dui turpis, malesuada non ex eu, viverra lobortis urna. Mauris et porta leo, mollis aliquam orci. Nulla a ex quam. ', NULL, 0, 0),
(108, 3, '2018-02-16 00:00:00', 'Bmollis aliquam orci. Nulla a ex quam.', ' Sed at lacus dui. Praesent elementum purus in mollis varius. Duis vel vulputate mi. Sed a dolor id massa accumsan vestibulum eu quis erat. Suspendisse ultricies tortor lorem, eget dictum dui ullamcorper nec. Sed eget velit eu risus gravida tempor. Quisque eu tincidunt nisl. Ut eu ultricies nisi. Donec consectetur purus in metus lobortis consequat. Morbi quis rhoncus dolor, eu sagittis nunc. Duis dignissim ipsum turpis. Nunc sit amet consectetur massa, et auctor justo. Morbi rhoncus fermentum nulla ut feugiat. Nunc odio tellus, luctus ac efficitur in, porttitor et ex. Duis nec lobortis sem, at gravida purus.\r\n\r\nLorem ipsum dolor sit amet, consectetur adipiscing elit. Mauris nec vehicula lectus. Nulla pulvinar dolor id molestie efficitur. Phasellus sed libero nec risus faucibus dignissim nec nec ex. Praesent sit amet feugiat sapien, sit amet rhoncus mauris. Nam tristique cursus massa nec molestie. Sed et hendrerit dui, et sagittis magna. Phasellus ut turpis sem. Mauris ipsum ligula, viverra non venenatis at, tempus id enim. Ut laoreet elit vitae ipsum varius volutpat. Vestibulum semper euismod bibendum. Pellentesque habitant morbi tristique senectus et netus et malesuada fames ac turpis egestas. Ut volutpat dapibus interdum. Praesent mattis accumsan vestibulum.\r\n\r\nMaecenas consectetur, leo in porta placerat, ex ex pretium purus, ac venenatis risus nunc ac magna. Nam in lorem nunc. Donec iaculis neque id lacus ultrices, cursus luctus est congue. In hac habitasse platea dictumst. Donec mollis enim a est tincidunt venenatis. Sed luctus vestibulum nulla nec suscipit. Ut sodales, ipsum a iaculis tincidunt, mauris ex efficitur ante, vel malesuada lacus quam id tortor. Phasellus a finibus dolor. Sed ultricies massa nunc, dictum pellentesque ligula posuere nec. Sed dui turpis, malesuada non ex eu, viverra lobortis urna. Mauris et porta leo, mollis aliquam orci. Nulla a ex quam. ', NULL, 0, 0),
(109, 3, '2018-02-16 00:00:00', 'Bmollis aliquam orci. Nulla a ex quam.', ' Sed at lacus dui. Praesent elementum purus in mollis varius. Duis vel vulputate mi. Sed a dolor id massa accumsan vestibulum eu quis erat. Suspendisse ultricies tortor lorem, eget dictum dui ullamcorper nec. Sed eget velit eu risus gravida tempor. Quisque eu tincidunt nisl. Ut eu ultricies nisi. Donec consectetur purus in metus lobortis consequat. Morbi quis rhoncus dolor, eu sagittis nunc. Duis dignissim ipsum turpis. Nunc sit amet consectetur massa, et auctor justo. Morbi rhoncus fermentum nulla ut feugiat. Nunc odio tellus, luctus ac efficitur in, porttitor et ex. Duis nec lobortis sem, at gravida purus.\r\n\r\nLorem ipsum dolor sit amet, consectetur adipiscing elit. Mauris nec vehicula lectus. Nulla pulvinar dolor id molestie efficitur. Phasellus sed libero nec risus faucibus dignissim nec nec ex. Praesent sit amet feugiat sapien, sit amet rhoncus mauris. Nam tristique cursus massa nec molestie. Sed et hendrerit dui, et sagittis magna. Phasellus ut turpis sem. Mauris ipsum ligula, viverra non venenatis at, tempus id enim. Ut laoreet elit vitae ipsum varius volutpat. Vestibulum semper euismod bibendum. Pellentesque habitant morbi tristique senectus et netus et malesuada fames ac turpis egestas. Ut volutpat dapibus interdum. Praesent mattis accumsan vestibulum.\r\n\r\nMaecenas consectetur, leo in porta placerat, ex ex pretium purus, ac venenatis risus nunc ac magna. Nam in lorem nunc. Donec iaculis neque id lacus ultrices, cursus luctus est congue. In hac habitasse platea dictumst. Donec mollis enim a est tincidunt venenatis. Sed luctus vestibulum nulla nec suscipit. Ut sodales, ipsum a iaculis tincidunt, mauris ex efficitur ante, vel malesuada lacus quam id tortor. Phasellus a finibus dolor. Sed ultricies massa nunc, dictum pellentesque ligula posuere nec. Sed dui turpis, malesuada non ex eu, viverra lobortis urna. Mauris et porta leo, mollis aliquam orci. Nulla a ex quam. ', NULL, 0, 0),
(110, 3, '2018-02-16 00:00:00', 'Bmollis aliquam orci. Nulla a ex quam.', ' Sed at lacus dui. Praesent elementum purus in mollis varius. Duis vel vulputate mi. Sed a dolor id massa accumsan vestibulum eu quis erat. Suspendisse ultricies tortor lorem, eget dictum dui ullamcorper nec. Sed eget velit eu risus gravida tempor. Quisque eu tincidunt nisl. Ut eu ultricies nisi. Donec consectetur purus in metus lobortis consequat. Morbi quis rhoncus dolor, eu sagittis nunc. Duis dignissim ipsum turpis. Nunc sit amet consectetur massa, et auctor justo. Morbi rhoncus fermentum nulla ut feugiat. Nunc odio tellus, luctus ac efficitur in, porttitor et ex. Duis nec lobortis sem, at gravida purus.\r\n\r\nLorem ipsum dolor sit amet, consectetur adipiscing elit. Mauris nec vehicula lectus. Nulla pulvinar dolor id molestie efficitur. Phasellus sed libero nec risus faucibus dignissim nec nec ex. Praesent sit amet feugiat sapien, sit amet rhoncus mauris. Nam tristique cursus massa nec molestie. Sed et hendrerit dui, et sagittis magna. Phasellus ut turpis sem. Mauris ipsum ligula, viverra non venenatis at, tempus id enim. Ut laoreet elit vitae ipsum varius volutpat. Vestibulum semper euismod bibendum. Pellentesque habitant morbi tristique senectus et netus et malesuada fames ac turpis egestas. Ut volutpat dapibus interdum. Praesent mattis accumsan vestibulum.\r\n\r\nMaecenas consectetur, leo in porta placerat, ex ex pretium purus, ac venenatis risus nunc ac magna. Nam in lorem nunc. Donec iaculis neque id lacus ultrices, cursus luctus est congue. In hac habitasse platea dictumst. Donec mollis enim a est tincidunt venenatis. Sed luctus vestibulum nulla nec suscipit. Ut sodales, ipsum a iaculis tincidunt, mauris ex efficitur ante, vel malesuada lacus quam id tortor. Phasellus a finibus dolor. Sed ultricies massa nunc, dictum pellentesque ligula posuere nec. Sed dui turpis, malesuada non ex eu, viverra lobortis urna. Mauris et porta leo, mollis aliquam orci. Nulla a ex quam. ', NULL, 0, 0),
(111, 3, '2018-02-16 00:00:00', 'Bmollis aliquam orci. Nulla a ex quam.', ' Sed at lacus dui. Praesent elementum purus in mollis varius. Duis vel vulputate mi. Sed a dolor id massa accumsan vestibulum eu quis erat. Suspendisse ultricies tortor lorem, eget dictum dui ullamcorper nec. Sed eget velit eu risus gravida tempor. Quisque eu tincidunt nisl. Ut eu ultricies nisi. Donec consectetur purus in metus lobortis consequat. Morbi quis rhoncus dolor, eu sagittis nunc. Duis dignissim ipsum turpis. Nunc sit amet consectetur massa, et auctor justo. Morbi rhoncus fermentum nulla ut feugiat. Nunc odio tellus, luctus ac efficitur in, porttitor et ex. Duis nec lobortis sem, at gravida purus.\r\n\r\nLorem ipsum dolor sit amet, consectetur adipiscing elit. Mauris nec vehicula lectus. Nulla pulvinar dolor id molestie efficitur. Phasellus sed libero nec risus faucibus dignissim nec nec ex. Praesent sit amet feugiat sapien, sit amet rhoncus mauris. Nam tristique cursus massa nec molestie. Sed et hendrerit dui, et sagittis magna. Phasellus ut turpis sem. Mauris ipsum ligula, viverra non venenatis at, tempus id enim. Ut laoreet elit vitae ipsum varius volutpat. Vestibulum semper euismod bibendum. Pellentesque habitant morbi tristique senectus et netus et malesuada fames ac turpis egestas. Ut volutpat dapibus interdum. Praesent mattis accumsan vestibulum.\r\n\r\nMaecenas consectetur, leo in porta placerat, ex ex pretium purus, ac venenatis risus nunc ac magna. Nam in lorem nunc. Donec iaculis neque id lacus ultrices, cursus luctus est congue. In hac habitasse platea dictumst. Donec mollis enim a est tincidunt venenatis. Sed luctus vestibulum nulla nec suscipit. Ut sodales, ipsum a iaculis tincidunt, mauris ex efficitur ante, vel malesuada lacus quam id tortor. Phasellus a finibus dolor. Sed ultricies massa nunc, dictum pellentesque ligula posuere nec. Sed dui turpis, malesuada non ex eu, viverra lobortis urna. Mauris et porta leo, mollis aliquam orci. Nulla a ex quam. ', NULL, 2, 0),
(112, 3, '2018-02-16 18:02:00', 'Phasellus ut turpis sem.', ' Sed at lacus dui. Praesent elementum purus in mollis varius. Duis vel vulputate mi. Sed a dolor id massa accumsan vestibulum eu quis erat. Suspendisse ultricies tortor lorem, eget dictum dui ullamcorper nec. Sed eget velit eu risus gravida tempor. Quisque eu tincidunt nisl. Ut eu ultricies nisi. Donec consectetur purus in metus lobortis consequat. Morbi quis rhoncus dolor, eu sagittis nunc. Duis dignissim ipsum turpis. Nunc sit amet consectetur massa, et auctor justo. Morbi rhoncus fermentum nulla ut feugiat. Nunc odio tellus, luctus ac efficitur in, porttitor et ex. Duis nec lobortis sem, at gravida purus.\r\n\r\nLorem ipsum dolor sit amet, consectetur adipiscing elit. Mauris nec vehicula lectus. Nulla pulvinar dolor id molestie efficitur. Phasellus sed libero nec risus faucibus dignissim nec nec ex. Praesent sit amet feugiat sapien, sit amet rhoncus mauris. Nam tristique cursus massa nec molestie. Sed et hendrerit dui, et sagittis magna. Phasellus ut turpis sem. Mauris ipsum ligula, viverra non venenatis at, tempus id enim. Ut laoreet elit vitae ipsum varius volutpat. Vestibulum semper euismod bibendum. Pellentesque habitant morbi tristique senectus et netus et malesuada fames ac turpis egestas. Ut volutpat dapibus interdum. Praesent mattis accumsan vestibulum.\r\n\r\nMaecenas consectetur, leo in porta placerat, ex ex pretium purus, ac venenatis risus nunc ac magna. Nam in lorem nunc. Donec iaculis neque id lacus ultrices, cursus luctus est congue. In hac habitasse platea dictumst. Donec mollis enim a est tincidunt venenatis. Sed luctus vestibulum nulla nec suscipit. Ut sodales, ipsum a iaculis tincidunt, mauris ex efficitur ante, vel malesuada lacus quam id tortor. Phasellus a finibus dolor. Sed ultricies massa nunc, dictum pellentesque ligula posuere nec. Sed dui turpis, malesuada non ex eu, viverra lobortis urna. Mauris et porta leo, mollis aliquam orci. Nulla a ex quam. ', NULL, 10, 0),
(113, 7, '2018-02-16 00:00:00', 'Bmollis aliquam orci. Nulla a ex quam.', ' Sed at lacus dui. Praesent elementum purus in mollis varius. Duis vel vulputate mi. Sed a dolor id massa accumsan vestibulum eu quis erat. Suspendisse ultricies tortor lorem, eget dictum dui ullamcorper nec. Sed eget velit eu risus gravida tempor. Quisque eu tincidunt nisl. Ut eu ultricies nisi. Donec consectetur purus in metus lobortis consequat. Morbi quis rhoncus dolor, eu sagittis nunc. Duis dignissim ipsum turpis. Nunc sit amet consectetur massa, et auctor justo. Morbi rhoncus fermentum nulla ut feugiat. Nunc odio tellus, luctus ac efficitur in, porttitor et ex. Duis nec lobortis sem, at gravida purus.\r\n\r\nLorem ipsum dolor sit amet, consectetur adipiscing elit. Mauris nec vehicula lectus. Nulla pulvinar dolor id molestie efficitur. Phasellus sed libero nec risus faucibus dignissim nec nec ex. Praesent sit amet feugiat sapien, sit amet rhoncus mauris. Nam tristique cursus massa nec molestie. Sed et hendrerit dui, et sagittis magna. Phasellus ut turpis sem. Mauris ipsum ligula, viverra non venenatis at, tempus id enim. Ut laoreet elit vitae ipsum varius volutpat. Vestibulum semper euismod bibendum. Pellentesque habitant morbi tristique senectus et netus et malesuada fames ac turpis egestas. Ut volutpat dapibus interdum. Praesent mattis accumsan vestibulum.\r\n\r\nMaecenas consectetur, leo in porta placerat, ex ex pretium purus, ac venenatis risus nunc ac magna. Nam in lorem nunc. Donec iaculis neque id lacus ultrices, cursus luctus est congue. In hac habitasse platea dictumst. Donec mollis enim a est tincidunt venenatis. Sed luctus vestibulum nulla nec suscipit. Ut sodales, ipsum a iaculis tincidunt, mauris ex efficitur ante, vel malesuada lacus quam id tortor. Phasellus a finibus dolor. Sed ultricies massa nunc, dictum pellentesque ligula posuere nec. Sed dui turpis, malesuada non ex eu, viverra lobortis urna. Mauris et porta leo, mollis aliquam orci. Nulla a ex quam. ', NULL, 0, 0);
INSERT INTO `news` (`id`, `id_category`, `date`, `title`, `content`, `img_dir`, `views`, `analytics`) VALUES
(114, 7, '2018-02-16 00:00:00', 'Bmollis aliquam orci. Nulla a ex quam.', ' Sed at lacus dui. Praesent elementum purus in mollis varius. Duis vel vulputate mi. Sed a dolor id massa accumsan vestibulum eu quis erat. Suspendisse ultricies tortor lorem, eget dictum dui ullamcorper nec. Sed eget velit eu risus gravida tempor. Quisque eu tincidunt nisl. Ut eu ultricies nisi. Donec consectetur purus in metus lobortis consequat. Morbi quis rhoncus dolor, eu sagittis nunc. Duis dignissim ipsum turpis. Nunc sit amet consectetur massa, et auctor justo. Morbi rhoncus fermentum nulla ut feugiat. Nunc odio tellus, luctus ac efficitur in, porttitor et ex. Duis nec lobortis sem, at gravida purus.\r\n\r\nLorem ipsum dolor sit amet, consectetur adipiscing elit. Mauris nec vehicula lectus. Nulla pulvinar dolor id molestie efficitur. Phasellus sed libero nec risus faucibus dignissim nec nec ex. Praesent sit amet feugiat sapien, sit amet rhoncus mauris. Nam tristique cursus massa nec molestie. Sed et hendrerit dui, et sagittis magna. Phasellus ut turpis sem. Mauris ipsum ligula, viverra non venenatis at, tempus id enim. Ut laoreet elit vitae ipsum varius volutpat. Vestibulum semper euismod bibendum. Pellentesque habitant morbi tristique senectus et netus et malesuada fames ac turpis egestas. Ut volutpat dapibus interdum. Praesent mattis accumsan vestibulum.\r\n\r\nMaecenas consectetur, leo in porta placerat, ex ex pretium purus, ac venenatis risus nunc ac magna. Nam in lorem nunc. Donec iaculis neque id lacus ultrices, cursus luctus est congue. In hac habitasse platea dictumst. Donec mollis enim a est tincidunt venenatis. Sed luctus vestibulum nulla nec suscipit. Ut sodales, ipsum a iaculis tincidunt, mauris ex efficitur ante, vel malesuada lacus quam id tortor. Phasellus a finibus dolor. Sed ultricies massa nunc, dictum pellentesque ligula posuere nec. Sed dui turpis, malesuada non ex eu, viverra lobortis urna. Mauris et porta leo, mollis aliquam orci. Nulla a ex quam. ', NULL, 0, 0),
(115, 7, '2018-02-16 17:32:58', 'Bmassa a ex quam.', ' Sed at lacus dui. Praesent elementum purus in mollis varius. Duis vel vulputate mi. Sed a dolor id massa accumsan vestibulum eu quis erat. Suspendisse ultricies tortor lorem, eget dictum dui ullamcorper nec. Sed eget velit eu risus gravida tempor. Quisque eu tincidunt nisl. Ut eu ultricies nisi. Donec consectetur purus in metus lobortis consequat. Morbi quis rhoncus dolor, eu sagittis nunc. Duis dignissim ipsum turpis. Nunc sit amet consectetur massa, et auctor justo. Morbi rhoncus fermentum nulla ut feugiat. Nunc odio tellus, luctus ac efficitur in, porttitor et ex. Duis nec lobortis sem, at gravida purus.\r\n\r\nLorem ipsum dolor sit amet, consectetur adipiscing elit. Mauris nec vehicula lectus. Nulla pulvinar dolor id molestie efficitur. Phasellus sed libero nec risus faucibus dignissim nec nec ex. Praesent sit amet feugiat sapien, sit amet rhoncus mauris. Nam tristique cursus massa nec molestie. Sed et hendrerit dui, et sagittis magna. Phasellus ut turpis sem. Mauris ipsum ligula, viverra non venenatis at, tempus id enim. Ut laoreet elit vitae ipsum varius volutpat. Vestibulum semper euismod bibendum. Pellentesque habitant morbi tristique senectus et netus et malesuada fames ac turpis egestas. Ut volutpat dapibus interdum. Praesent mattis accumsan vestibulum.\r\n\r\nMaecenas consectetur, leo in porta placerat, ex ex pretium purus, ac venenatis risus nunc ac magna. Nam in lorem nunc. Donec iaculis neque id lacus ultrices, cursus luctus est congue. In hac habitasse platea dictumst. Donec mollis enim a est tincidunt venenatis. Sed luctus vestibulum nulla nec suscipit. Ut sodales, ipsum a iaculis tincidunt, mauris ex efficitur ante, vel malesuada lacus quam id tortor. Phasellus a finibus dolor. Sed ultricies massa nunc, dictum pellentesque ligula posuere nec. Sed dui turpis, malesuada non ex eu, viverra lobortis urna. Mauris et porta leo, mollis aliquam orci. Nulla a ex quam. ', '1518798778', 8, 1),
(116, 7, '2018-02-16 00:00:00', 'Bmollis aliquam orci. Nulla a ex quam.', ' Sed at lacus dui. Praesent elementum purus in mollis varius. Duis vel vulputate mi. Sed a dolor id massa accumsan vestibulum eu quis erat. Suspendisse ultricies tortor lorem, eget dictum dui ullamcorper nec. Sed eget velit eu risus gravida tempor. Quisque eu tincidunt nisl. Ut eu ultricies nisi. Donec consectetur purus in metus lobortis consequat. Morbi quis rhoncus dolor, eu sagittis nunc. Duis dignissim ipsum turpis. Nunc sit amet consectetur massa, et auctor justo. Morbi rhoncus fermentum nulla ut feugiat. Nunc odio tellus, luctus ac efficitur in, porttitor et ex. Duis nec lobortis sem, at gravida purus.\r\n\r\nLorem ipsum dolor sit amet, consectetur adipiscing elit. Mauris nec vehicula lectus. Nulla pulvinar dolor id molestie efficitur. Phasellus sed libero nec risus faucibus dignissim nec nec ex. Praesent sit amet feugiat sapien, sit amet rhoncus mauris. Nam tristique cursus massa nec molestie. Sed et hendrerit dui, et sagittis magna. Phasellus ut turpis sem. Mauris ipsum ligula, viverra non venenatis at, tempus id enim. Ut laoreet elit vitae ipsum varius volutpat. Vestibulum semper euismod bibendum. Pellentesque habitant morbi tristique senectus et netus et malesuada fames ac turpis egestas. Ut volutpat dapibus interdum. Praesent mattis accumsan vestibulum.\r\n\r\nMaecenas consectetur, leo in porta placerat, ex ex pretium purus, ac venenatis risus nunc ac magna. Nam in lorem nunc. Donec iaculis neque id lacus ultrices, cursus luctus est congue. In hac habitasse platea dictumst. Donec mollis enim a est tincidunt venenatis. Sed luctus vestibulum nulla nec suscipit. Ut sodales, ipsum a iaculis tincidunt, mauris ex efficitur ante, vel malesuada lacus quam id tortor. Phasellus a finibus dolor. Sed ultricies massa nunc, dictum pellentesque ligula posuere nec. Sed dui turpis, malesuada non ex eu, viverra lobortis urna. Mauris et porta leo, mollis aliquam orci. Nulla a ex quam. ', NULL, 0, 0),
(117, 7, '2018-02-16 00:00:00', 'Bmollis aliquam orci. Nulla a ex quam.', ' Sed at lacus dui. Praesent elementum purus in mollis varius. Duis vel vulputate mi. Sed a dolor id massa accumsan vestibulum eu quis erat. Suspendisse ultricies tortor lorem, eget dictum dui ullamcorper nec. Sed eget velit eu risus gravida tempor. Quisque eu tincidunt nisl. Ut eu ultricies nisi. Donec consectetur purus in metus lobortis consequat. Morbi quis rhoncus dolor, eu sagittis nunc. Duis dignissim ipsum turpis. Nunc sit amet consectetur massa, et auctor justo. Morbi rhoncus fermentum nulla ut feugiat. Nunc odio tellus, luctus ac efficitur in, porttitor et ex. Duis nec lobortis sem, at gravida purus.\r\n\r\nLorem ipsum dolor sit amet, consectetur adipiscing elit. Mauris nec vehicula lectus. Nulla pulvinar dolor id molestie efficitur. Phasellus sed libero nec risus faucibus dignissim nec nec ex. Praesent sit amet feugiat sapien, sit amet rhoncus mauris. Nam tristique cursus massa nec molestie. Sed et hendrerit dui, et sagittis magna. Phasellus ut turpis sem. Mauris ipsum ligula, viverra non venenatis at, tempus id enim. Ut laoreet elit vitae ipsum varius volutpat. Vestibulum semper euismod bibendum. Pellentesque habitant morbi tristique senectus et netus et malesuada fames ac turpis egestas. Ut volutpat dapibus interdum. Praesent mattis accumsan vestibulum.\r\n\r\nMaecenas consectetur, leo in porta placerat, ex ex pretium purus, ac venenatis risus nunc ac magna. Nam in lorem nunc. Donec iaculis neque id lacus ultrices, cursus luctus est congue. In hac habitasse platea dictumst. Donec mollis enim a est tincidunt venenatis. Sed luctus vestibulum nulla nec suscipit. Ut sodales, ipsum a iaculis tincidunt, mauris ex efficitur ante, vel malesuada lacus quam id tortor. Phasellus a finibus dolor. Sed ultricies massa nunc, dictum pellentesque ligula posuere nec. Sed dui turpis, malesuada non ex eu, viverra lobortis urna. Mauris et porta leo, mollis aliquam orci. Nulla a ex quam. ', NULL, 0, 0),
(118, 7, '2018-02-16 00:00:00', 'Bmollis aliquam orci. Nulla a ex quam.', ' Sed at lacus dui. Praesent elementum purus in mollis varius. Duis vel vulputate mi. Sed a dolor id massa accumsan vestibulum eu quis erat. Suspendisse ultricies tortor lorem, eget dictum dui ullamcorper nec. Sed eget velit eu risus gravida tempor. Quisque eu tincidunt nisl. Ut eu ultricies nisi. Donec consectetur purus in metus lobortis consequat. Morbi quis rhoncus dolor, eu sagittis nunc. Duis dignissim ipsum turpis. Nunc sit amet consectetur massa, et auctor justo. Morbi rhoncus fermentum nulla ut feugiat. Nunc odio tellus, luctus ac efficitur in, porttitor et ex. Duis nec lobortis sem, at gravida purus.\r\n\r\nLorem ipsum dolor sit amet, consectetur adipiscing elit. Mauris nec vehicula lectus. Nulla pulvinar dolor id molestie efficitur. Phasellus sed libero nec risus faucibus dignissim nec nec ex. Praesent sit amet feugiat sapien, sit amet rhoncus mauris. Nam tristique cursus massa nec molestie. Sed et hendrerit dui, et sagittis magna. Phasellus ut turpis sem. Mauris ipsum ligula, viverra non venenatis at, tempus id enim. Ut laoreet elit vitae ipsum varius volutpat. Vestibulum semper euismod bibendum. Pellentesque habitant morbi tristique senectus et netus et malesuada fames ac turpis egestas. Ut volutpat dapibus interdum. Praesent mattis accumsan vestibulum.\r\n\r\nMaecenas consectetur, leo in porta placerat, ex ex pretium purus, ac venenatis risus nunc ac magna. Nam in lorem nunc. Donec iaculis neque id lacus ultrices, cursus luctus est congue. In hac habitasse platea dictumst. Donec mollis enim a est tincidunt venenatis. Sed luctus vestibulum nulla nec suscipit. Ut sodales, ipsum a iaculis tincidunt, mauris ex efficitur ante, vel malesuada lacus quam id tortor. Phasellus a finibus dolor. Sed ultricies massa nunc, dictum pellentesque ligula posuere nec. Sed dui turpis, malesuada non ex eu, viverra lobortis urna. Mauris et porta leo, mollis aliquam orci. Nulla a ex quam. ', NULL, 0, 0),
(119, 7, '2018-02-16 00:00:00', 'Bmollis aliquam orci. Nulla a ex quam.', ' Sed at lacus dui. Praesent elementum purus in mollis varius. Duis vel vulputate mi. Sed a dolor id massa accumsan vestibulum eu quis erat. Suspendisse ultricies tortor lorem, eget dictum dui ullamcorper nec. Sed eget velit eu risus gravida tempor. Quisque eu tincidunt nisl. Ut eu ultricies nisi. Donec consectetur purus in metus lobortis consequat. Morbi quis rhoncus dolor, eu sagittis nunc. Duis dignissim ipsum turpis. Nunc sit amet consectetur massa, et auctor justo. Morbi rhoncus fermentum nulla ut feugiat. Nunc odio tellus, luctus ac efficitur in, porttitor et ex. Duis nec lobortis sem, at gravida purus.\r\n\r\nLorem ipsum dolor sit amet, consectetur adipiscing elit. Mauris nec vehicula lectus. Nulla pulvinar dolor id molestie efficitur. Phasellus sed libero nec risus faucibus dignissim nec nec ex. Praesent sit amet feugiat sapien, sit amet rhoncus mauris. Nam tristique cursus massa nec molestie. Sed et hendrerit dui, et sagittis magna. Phasellus ut turpis sem. Mauris ipsum ligula, viverra non venenatis at, tempus id enim. Ut laoreet elit vitae ipsum varius volutpat. Vestibulum semper euismod bibendum. Pellentesque habitant morbi tristique senectus et netus et malesuada fames ac turpis egestas. Ut volutpat dapibus interdum. Praesent mattis accumsan vestibulum.\r\n\r\nMaecenas consectetur, leo in porta placerat, ex ex pretium purus, ac venenatis risus nunc ac magna. Nam in lorem nunc. Donec iaculis neque id lacus ultrices, cursus luctus est congue. In hac habitasse platea dictumst. Donec mollis enim a est tincidunt venenatis. Sed luctus vestibulum nulla nec suscipit. Ut sodales, ipsum a iaculis tincidunt, mauris ex efficitur ante, vel malesuada lacus quam id tortor. Phasellus a finibus dolor. Sed ultricies massa nunc, dictum pellentesque ligula posuere nec. Sed dui turpis, malesuada non ex eu, viverra lobortis urna. Mauris et porta leo, mollis aliquam orci. Nulla a ex quam. ', NULL, 0, 0),
(120, 7, '2018-02-16 00:00:00', 'Bmollis aliquam orci. Nulla a ex quam.', ' Sed at lacus dui. Praesent elementum purus in mollis varius. Duis vel vulputate mi. Sed a dolor id massa accumsan vestibulum eu quis erat. Suspendisse ultricies tortor lorem, eget dictum dui ullamcorper nec. Sed eget velit eu risus gravida tempor. Quisque eu tincidunt nisl. Ut eu ultricies nisi. Donec consectetur purus in metus lobortis consequat. Morbi quis rhoncus dolor, eu sagittis nunc. Duis dignissim ipsum turpis. Nunc sit amet consectetur massa, et auctor justo. Morbi rhoncus fermentum nulla ut feugiat. Nunc odio tellus, luctus ac efficitur in, porttitor et ex. Duis nec lobortis sem, at gravida purus.\r\n\r\nLorem ipsum dolor sit amet, consectetur adipiscing elit. Mauris nec vehicula lectus. Nulla pulvinar dolor id molestie efficitur. Phasellus sed libero nec risus faucibus dignissim nec nec ex. Praesent sit amet feugiat sapien, sit amet rhoncus mauris. Nam tristique cursus massa nec molestie. Sed et hendrerit dui, et sagittis magna. Phasellus ut turpis sem. Mauris ipsum ligula, viverra non venenatis at, tempus id enim. Ut laoreet elit vitae ipsum varius volutpat. Vestibulum semper euismod bibendum. Pellentesque habitant morbi tristique senectus et netus et malesuada fames ac turpis egestas. Ut volutpat dapibus interdum. Praesent mattis accumsan vestibulum.\r\n\r\nMaecenas consectetur, leo in porta placerat, ex ex pretium purus, ac venenatis risus nunc ac magna. Nam in lorem nunc. Donec iaculis neque id lacus ultrices, cursus luctus est congue. In hac habitasse platea dictumst. Donec mollis enim a est tincidunt venenatis. Sed luctus vestibulum nulla nec suscipit. Ut sodales, ipsum a iaculis tincidunt, mauris ex efficitur ante, vel malesuada lacus quam id tortor. Phasellus a finibus dolor. Sed ultricies massa nunc, dictum pellentesque ligula posuere nec. Sed dui turpis, malesuada non ex eu, viverra lobortis urna. Mauris et porta leo, mollis aliquam orci. Nulla a ex quam. ', NULL, 0, 0),
(121, 7, '2018-02-16 00:00:00', 'Bmollis aliquam orci. Nulla a ex quam.', ' Sed at lacus dui. Praesent elementum purus in mollis varius. Duis vel vulputate mi. Sed a dolor id massa accumsan vestibulum eu quis erat. Suspendisse ultricies tortor lorem, eget dictum dui ullamcorper nec. Sed eget velit eu risus gravida tempor. Quisque eu tincidunt nisl. Ut eu ultricies nisi. Donec consectetur purus in metus lobortis consequat. Morbi quis rhoncus dolor, eu sagittis nunc. Duis dignissim ipsum turpis. Nunc sit amet consectetur massa, et auctor justo. Morbi rhoncus fermentum nulla ut feugiat. Nunc odio tellus, luctus ac efficitur in, porttitor et ex. Duis nec lobortis sem, at gravida purus.\r\n\r\nLorem ipsum dolor sit amet, consectetur adipiscing elit. Mauris nec vehicula lectus. Nulla pulvinar dolor id molestie efficitur. Phasellus sed libero nec risus faucibus dignissim nec nec ex. Praesent sit amet feugiat sapien, sit amet rhoncus mauris. Nam tristique cursus massa nec molestie. Sed et hendrerit dui, et sagittis magna. Phasellus ut turpis sem. Mauris ipsum ligula, viverra non venenatis at, tempus id enim. Ut laoreet elit vitae ipsum varius volutpat. Vestibulum semper euismod bibendum. Pellentesque habitant morbi tristique senectus et netus et malesuada fames ac turpis egestas. Ut volutpat dapibus interdum. Praesent mattis accumsan vestibulum.\r\n\r\nMaecenas consectetur, leo in porta placerat, ex ex pretium purus, ac venenatis risus nunc ac magna. Nam in lorem nunc. Donec iaculis neque id lacus ultrices, cursus luctus est congue. In hac habitasse platea dictumst. Donec mollis enim a est tincidunt venenatis. Sed luctus vestibulum nulla nec suscipit. Ut sodales, ipsum a iaculis tincidunt, mauris ex efficitur ante, vel malesuada lacus quam id tortor. Phasellus a finibus dolor. Sed ultricies massa nunc, dictum pellentesque ligula posuere nec. Sed dui turpis, malesuada non ex eu, viverra lobortis urna. Mauris et porta leo, mollis aliquam orci. Nulla a ex quam. ', NULL, 2, 0),
(122, 7, '2018-02-16 00:00:00', 'Bmollis aliquam orci. Nulla a ex quam.', ' Sed at lacus dui. Praesent elementum purus in mollis varius. Duis vel vulputate mi. Sed a dolor id massa accumsan vestibulum eu quis erat. Suspendisse ultricies tortor lorem, eget dictum dui ullamcorper nec. Sed eget velit eu risus gravida tempor. Quisque eu tincidunt nisl. Ut eu ultricies nisi. Donec consectetur purus in metus lobortis consequat. Morbi quis rhoncus dolor, eu sagittis nunc. Duis dignissim ipsum turpis. Nunc sit amet consectetur massa, et auctor justo. Morbi rhoncus fermentum nulla ut feugiat. Nunc odio tellus, luctus ac efficitur in, porttitor et ex. Duis nec lobortis sem, at gravida purus.\r\n\r\nLorem ipsum dolor sit amet, consectetur adipiscing elit. Mauris nec vehicula lectus. Nulla pulvinar dolor id molestie efficitur. Phasellus sed libero nec risus faucibus dignissim nec nec ex. Praesent sit amet feugiat sapien, sit amet rhoncus mauris. Nam tristique cursus massa nec molestie. Sed et hendrerit dui, et sagittis magna. Phasellus ut turpis sem. Mauris ipsum ligula, viverra non venenatis at, tempus id enim. Ut laoreet elit vitae ipsum varius volutpat. Vestibulum semper euismod bibendum. Pellentesque habitant morbi tristique senectus et netus et malesuada fames ac turpis egestas. Ut volutpat dapibus interdum. Praesent mattis accumsan vestibulum.\r\n\r\nMaecenas consectetur, leo in porta placerat, ex ex pretium purus, ac venenatis risus nunc ac magna. Nam in lorem nunc. Donec iaculis neque id lacus ultrices, cursus luctus est congue. In hac habitasse platea dictumst. Donec mollis enim a est tincidunt venenatis. Sed luctus vestibulum nulla nec suscipit. Ut sodales, ipsum a iaculis tincidunt, mauris ex efficitur ante, vel malesuada lacus quam id tortor. Phasellus a finibus dolor. Sed ultricies massa nunc, dictum pellentesque ligula posuere nec. Sed dui turpis, malesuada non ex eu, viverra lobortis urna. Mauris et porta leo, mollis aliquam orci. Nulla a ex quam. ', NULL, 0, 0),
(123, 7, '2018-02-16 00:00:00', 'Bmollis aliquam orci. Nulla a ex quam.', ' Sed at lacus dui. Praesent elementum purus in mollis varius. Duis vel vulputate mi. Sed a dolor id massa accumsan vestibulum eu quis erat. Suspendisse ultricies tortor lorem, eget dictum dui ullamcorper nec. Sed eget velit eu risus gravida tempor. Quisque eu tincidunt nisl. Ut eu ultricies nisi. Donec consectetur purus in metus lobortis consequat. Morbi quis rhoncus dolor, eu sagittis nunc. Duis dignissim ipsum turpis. Nunc sit amet consectetur massa, et auctor justo. Morbi rhoncus fermentum nulla ut feugiat. Nunc odio tellus, luctus ac efficitur in, porttitor et ex. Duis nec lobortis sem, at gravida purus.\r\n\r\nLorem ipsum dolor sit amet, consectetur adipiscing elit. Mauris nec vehicula lectus. Nulla pulvinar dolor id molestie efficitur. Phasellus sed libero nec risus faucibus dignissim nec nec ex. Praesent sit amet feugiat sapien, sit amet rhoncus mauris. Nam tristique cursus massa nec molestie. Sed et hendrerit dui, et sagittis magna. Phasellus ut turpis sem. Mauris ipsum ligula, viverra non venenatis at, tempus id enim. Ut laoreet elit vitae ipsum varius volutpat. Vestibulum semper euismod bibendum. Pellentesque habitant morbi tristique senectus et netus et malesuada fames ac turpis egestas. Ut volutpat dapibus interdum. Praesent mattis accumsan vestibulum.\r\n\r\nMaecenas consectetur, leo in porta placerat, ex ex pretium purus, ac venenatis risus nunc ac magna. Nam in lorem nunc. Donec iaculis neque id lacus ultrices, cursus luctus est congue. In hac habitasse platea dictumst. Donec mollis enim a est tincidunt venenatis. Sed luctus vestibulum nulla nec suscipit. Ut sodales, ipsum a iaculis tincidunt, mauris ex efficitur ante, vel malesuada lacus quam id tortor. Phasellus a finibus dolor. Sed ultricies massa nunc, dictum pellentesque ligula posuere nec. Sed dui turpis, malesuada non ex eu, viverra lobortis urna. Mauris et porta leo, mollis aliquam orci. Nulla a ex quam. ', NULL, 0, 0),
(124, 7, '2018-02-16 00:00:00', 'Bmollis aliquam orci. Nulla a ex quam.', ' Sed at lacus dui. Praesent elementum purus in mollis varius. Duis vel vulputate mi. Sed a dolor id massa accumsan vestibulum eu quis erat. Suspendisse ultricies tortor lorem, eget dictum dui ullamcorper nec. Sed eget velit eu risus gravida tempor. Quisque eu tincidunt nisl. Ut eu ultricies nisi. Donec consectetur purus in metus lobortis consequat. Morbi quis rhoncus dolor, eu sagittis nunc. Duis dignissim ipsum turpis. Nunc sit amet consectetur massa, et auctor justo. Morbi rhoncus fermentum nulla ut feugiat. Nunc odio tellus, luctus ac efficitur in, porttitor et ex. Duis nec lobortis sem, at gravida purus.\r\n\r\nLorem ipsum dolor sit amet, consectetur adipiscing elit. Mauris nec vehicula lectus. Nulla pulvinar dolor id molestie efficitur. Phasellus sed libero nec risus faucibus dignissim nec nec ex. Praesent sit amet feugiat sapien, sit amet rhoncus mauris. Nam tristique cursus massa nec molestie. Sed et hendrerit dui, et sagittis magna. Phasellus ut turpis sem. Mauris ipsum ligula, viverra non venenatis at, tempus id enim. Ut laoreet elit vitae ipsum varius volutpat. Vestibulum semper euismod bibendum. Pellentesque habitant morbi tristique senectus et netus et malesuada fames ac turpis egestas. Ut volutpat dapibus interdum. Praesent mattis accumsan vestibulum.\r\n\r\nMaecenas consectetur, leo in porta placerat, ex ex pretium purus, ac venenatis risus nunc ac magna. Nam in lorem nunc. Donec iaculis neque id lacus ultrices, cursus luctus est congue. In hac habitasse platea dictumst. Donec mollis enim a est tincidunt venenatis. Sed luctus vestibulum nulla nec suscipit. Ut sodales, ipsum a iaculis tincidunt, mauris ex efficitur ante, vel malesuada lacus quam id tortor. Phasellus a finibus dolor. Sed ultricies massa nunc, dictum pellentesque ligula posuere nec. Sed dui turpis, malesuada non ex eu, viverra lobortis urna. Mauris et porta leo, mollis aliquam orci. Nulla a ex quam. ', NULL, 0, 0),
(125, 3, '2018-02-16 17:52:30', 'Nam tristique cursus massa nec molestie. Sed et hendrerit dui, et sagittis magna.', ' Sed at lacus dui. Praesent elementum purus in mollis varius. Duis vel vulputate mi. Sed a dolor id massa accumsan vestibulum eu quis erat. Suspendisse ultricies tortor lorem, eget dictum dui ullamcorper nec. Sed eget velit eu risus gravida tempor. Quisque eu tincidunt nisl. Ut eu ultricies nisi. Donec consectetur purus in metus lobortis consequat. Morbi quis rhoncus dolor, eu sagittis nunc. Duis dignissim ipsum turpis. Nunc sit amet consectetur massa, et auctor justo. Morbi rhoncus fermentum nulla ut feugiat. Nunc odio tellus, luctus ac efficitur in, porttitor et ex. Duis nec lobortis sem, at gravida purus.\r\n\r\nLorem ipsum dolor sit amet, consectetur adipiscing elit. Mauris nec vehicula lectus. Nulla pulvinar dolor id molestie efficitur. Phasellus sed libero nec risus faucibus dignissim nec nec ex. Praesent sit amet feugiat sapien, sit amet rhoncus mauris. Nam tristique cursus massa nec molestie. Sed et hendrerit dui, et sagittis magna. Phasellus ut turpis sem. Mauris ipsum ligula, viverra non venenatis at, tempus id enim. Ut laoreet elit vitae ipsum varius volutpat. Vestibulum semper euismod bibendum. Pellentesque habitant morbi tristique senectus et netus et malesuada fames ac turpis egestas. Ut volutpat dapibus interdum. Praesent mattis accumsan vestibulum.\r\n\r\nMaecenas consectetur, leo in porta placerat, ex ex pretium purus, ac venenatis risus nunc ac magna. Nam in lorem nunc. Donec iaculis neque id lacus ultrices, cursus luctus est congue. In hac habitasse platea dictumst. Donec mollis enim a est tincidunt venenatis. Sed luctus vestibulum nulla nec suscipit. Ut sodales, ipsum a iaculis tincidunt, mauris ex efficitur ante, vel malesuada lacus quam id tortor. Phasellus a finibus dolor. Sed ultricies massa nunc, dictum pellentesque ligula posuere nec. Sed dui turpis, malesuada non ex eu, viverra lobortis urna. Mauris et porta leo, mollis aliquam orci. Nulla a ex quam.\r\n\r\nUt auctor ex non aliquam lacinia. Sed a erat quis ligula ultrices bibendum. Nulla pharetra euismod bibendum. Nullam odio mi, efficitur at leo nec, ultricies malesuada sem. Duis et efficitur nunc. Duis sodales pharetra magna, sit amet blandit nisi lobortis eget. Nullam sit amet odio nec leo venenatis sollicitudin. Aliquam vel ex posuere, sollicitudin nisl dignissim, egestas ex. ', '1518799951', 4, 1),
(126, 4, '2018-02-16 17:53:58', 'Lat gravida purus.', ' Sed at lacus dui. Praesent elementum purus in mollis varius. Duis vel vulputate mi. Sed a dolor id massa accumsan vestibulum eu quis erat. Suspendisse ultricies tortor lorem, eget dictum dui ullamcorper nec. Sed eget velit eu risus gravida tempor. Quisque eu tincidunt nisl. Ut eu ultricies nisi. Donec consectetur purus in metus lobortis consequat. Morbi quis rhoncus dolor, eu sagittis nunc. Duis dignissim ipsum turpis. Nunc sit amet consectetur massa, et auctor justo. Morbi rhoncus fermentum nulla ut feugiat. Nunc odio tellus, luctus ac efficitur in, porttitor et ex. Duis nec lobortis sem, at gravida purus.\r\n\r\nLorem ipsum dolor sit amet, consectetur adipiscing elit. Mauris nec vehicula lectus. Nulla pulvinar dolor id molestie efficitur. Phasellus sed libero nec risus faucibus dignissim nec nec ex. Praesent sit amet feugiat sapien, sit amet rhoncus mauris. Nam tristique cursus massa nec molestie. Sed et hendrerit dui, et sagittis magna. Phasellus ut turpis sem. Mauris ipsum ligula, viverra non venenatis at, tempus id enim. Ut laoreet elit vitae ipsum varius volutpat. Vestibulum semper euismod bibendum. Pellentesque habitant morbi tristique senectus et netus et malesuada fames ac turpis egestas. Ut volutpat dapibus interdum. Praesent mattis accumsan vestibulum.\r\n\r\nMaecenas consectetur, leo in porta placerat, ex ex pretium purus, ac venenatis risus nunc ac magna. Nam in lorem nunc. Donec iaculis neque id lacus ultrices, cursus luctus est congue. In hac habitasse platea dictumst. Donec mollis enim a est tincidunt venenatis. Sed luctus vestibulum nulla nec suscipit. Ut sodales, ipsum a iaculis tincidunt, mauris ex efficitur ante, vel malesuada lacus quam id tortor. Phasellus a finibus dolor. Sed ultricies massa nunc, dictum pellentesque ligula posuere nec. Sed dui turpis, malesuada non ex eu, viverra lobortis urna. Mauris et porta leo, mollis aliquam orci. Nulla a ex quam.\r\n\r\nUt auctor ex non aliquam lacinia. Sed a erat quis ligula ultrices bibendum. Nulla pharetra euismod bibendum. Nullam odio mi, efficitur at leo nec, ultricies malesuada sem. Duis et efficitur nunc. Duis sodales pharetra magna, sit amet blandit nisi lobortis eget. Nullam sit amet odio nec leo venenatis sollicitudin. Aliquam vel ex posuere, sollicitudin nisl dignissim, egestas ex. ', '1518800038', 8, 1),
(127, 6, '2018-02-16 17:55:53', 'Eleo in porta placerat, ex ex pretium puru.', ' Sed at lacus dui. Praesent elementum purus in mollis varius. Duis vel vulputate mi. Sed a dolor id massa accumsan vestibulum eu quis erat. Suspendisse ultricies tortor lorem, eget dictum dui ullamcorper nec. Sed eget velit eu risus gravida tempor. Quisque eu tincidunt nisl. Ut eu ultricies nisi. Donec consectetur purus in metus lobortis consequat. Morbi quis rhoncus dolor, eu sagittis nunc. Duis dignissim ipsum turpis. Nunc sit amet consectetur massa, et auctor justo. Morbi rhoncus fermentum nulla ut feugiat. Nunc odio tellus, luctus ac efficitur in, porttitor et ex. Duis nec lobortis sem, at gravida purus.\r\n\r\nLorem ipsum dolor sit amet, consectetur adipiscing elit. Mauris nec vehicula lectus. Nulla pulvinar dolor id molestie efficitur. Phasellus sed libero nec risus faucibus dignissim nec nec ex. Praesent sit amet feugiat sapien, sit amet rhoncus mauris. Nam tristique cursus massa nec molestie. Sed et hendrerit dui, et sagittis magna. Phasellus ut turpis sem. Mauris ipsum ligula, viverra non venenatis at, tempus id enim. Ut laoreet elit vitae ipsum varius volutpat. Vestibulum semper euismod bibendum. Pellentesque habitant morbi tristique senectus et netus et malesuada fames ac turpis egestas. Ut volutpat dapibus interdum. Praesent mattis accumsan vestibulum.\r\n\r\nMaecenas consectetur, leo in porta placerat, ex ex pretium purus, ac venenatis risus nunc ac magna. Nam in lorem nunc. Donec iaculis neque id lacus ultrices, cursus luctus est congue. In hac habitasse platea dictumst. Donec mollis enim a est tincidunt venenatis. Sed luctus vestibulum nulla nec suscipit. Ut sodales, ipsum a iaculis tincidunt, mauris ex efficitur ante, vel malesuada lacus quam id tortor. Phasellus a finibus dolor. Sed ultricies massa nunc, dictum pellentesque ligula posuere nec. Sed dui turpis, malesuada non ex eu, viverra lobortis urna. Mauris et porta leo, mollis aliquam orci. Nulla a ex quam.\r\n\r\nUt auctor ex non aliquam lacinia. Sed a erat quis ligula ultrices bibendum. Nulla pharetra euismod bibendum. Nullam odio mi, efficitur at leo nec, ultricies malesuada sem. Duis et efficitur nunc. Duis sodales pharetra magna, sit amet blandit nisi lobortis eget. Nullam sit amet odio nec leo venenatis sollicitudin. Aliquam vel ex posuere, sollicitudin nisl dignissim, egestas ex. ', '1518800154', 3, 0),
(128, 7, '2018-02-16 17:56:33', 'Sed a vestibulum erat, vel accumsan nisi.', ' Lorem ipsum dolor sit amet, consectetur adipiscing elit. Aliquam at vehicula massa. Vivamus pretium, ipsum ac facilisis viverra, nunc eros porttitor tortor, id dignissim velit nunc vitae tortor. Mauris eget tempus nisl. Suspendisse placerat nibh est, id cursus nulla congue posuere. Donec non mattis ligula. Nullam vestibulum placerat placerat. Phasellus vehicula metus vel pellentesque rhoncus. Nam placerat risus orci, sit amet tincidunt justo volutpat ac. Sed a vestibulum erat, vel accumsan nisi. Donec tincidunt, diam non ullamcorper mattis, lorem turpis eleifend odio, sed gravida nibh nulla vitae nisi. Sed vel viverra nunc. Pellentesque id sem erat. Suspendisse auctor nibh nec tortor malesuada, ut laoreet nisi lobortis. Aliquam maximus fringilla nunc sit amet ornare. Mauris vehicula quam consequat nibh luctus varius.\r\n\r\nSed at lacus dui. Praesent elementum purus in mollis varius. Duis vel vulputate mi. Sed a dolor id massa accumsan vestibulum eu quis erat. Suspendisse ultricies tortor lorem, eget dictum dui ullamcorper nec. Sed eget velit eu risus gravida tempor. Quisque eu tincidunt nisl. Ut eu ultricies nisi. Donec consectetur purus in metus lobortis consequat. Morbi quis rhoncus dolor, eu sagittis nunc. Duis dignissim ipsum turpis. Nunc sit amet consectetur massa, et auctor justo. Morbi rhoncus fermentum nulla ut feugiat. Nunc odio tellus, luctus ac efficitur in, porttitor et ex. Duis nec lobortis sem, at gravida purus. ', '1518800193', 15, 1),
(129, 5, '2018-02-16 17:58:05', 'Vel accumsan nisi.', ' Lorem ipsum dolor sit amet, consectetur adipiscing elit. Aliquam at vehicula massa. Vivamus pretium, ipsum ac facilisis viverra, nunc eros porttitor tortor, id dignissim velit nunc vitae tortor. Mauris eget tempus nisl. Suspendisse placerat nibh est, id cursus nulla congue posuere. Donec non mattis ligula. Nullam vestibulum placerat placerat. Phasellus vehicula metus vel pellentesque rhoncus. Nam placerat risus orci, sit amet tincidunt justo volutpat ac. Sed a vestibulum erat, vel accumsan nisi. Donec tincidunt, diam non ullamcorper mattis, lorem turpis eleifend odio, sed gravida nibh nulla vitae nisi. Sed vel viverra nunc. Pellentesque id sem erat. Suspendisse auctor nibh nec tortor malesuada, ut laoreet nisi lobortis. Aliquam maximus fringilla nunc sit amet ornare. Mauris vehicula quam consequat nibh luctus varius.\r\n\r\nSed at lacus dui. Praesent elementum purus in mollis varius. Duis vel vulputate mi. Sed a dolor id massa accumsan vestibulum eu quis erat. Suspendisse ultricies tortor lorem, eget dictum dui ullamcorper nec. Sed eget velit eu risus gravida tempor. Quisque eu tincidunt nisl. Ut eu ultricies nisi. Donec consectetur purus in metus lobortis consequat. Morbi quis rhoncus dolor, eu sagittis nunc. Duis dignissim ipsum turpis. Nunc sit amet consectetur massa, et auctor justo. Morbi rhoncus fermentum nulla ut feugiat. Nunc odio tellus, luctus ac efficitur in, porttitor et ex. Duis nec lobortis sem, at gravida purus. ', '1518800277', 7, 0);

-- --------------------------------------------------------

--
-- Структура таблицы `news_tag`
--

CREATE TABLE `news_tag` (
  `id` int(10) UNSIGNED NOT NULL,
  `id_news` int(10) UNSIGNED NOT NULL,
  `id_tags` tinyint(3) UNSIGNED NOT NULL
) ENGINE=InnoDB DEFAULT CHARSET=latin1;

--
-- Дамп данных таблицы `news_tag`
--

INSERT INTO `news_tag` (`id`, `id_news`, `id_tags`) VALUES
(1, 1, 1),
(2, 1, 5),
(3, 1, 10),
(4, 1, 9),
(5, 41, 1),
(6, 41, 7),
(9, 39, 2),
(10, 39, 6),
(11, 39, 10),
(12, 1, 8),
(13, 11, 8),
(14, 35, 5),
(15, 7, 5),
(16, 32, 5),
(17, 24, 5),
(18, 7, 5),
(19, 17, 5),
(31, 2, 6),
(73, 49, 2),
(74, 49, 4),
(83, 48, 1),
(84, 48, 4),
(87, 47, 9),
(88, 47, 10),
(89, 46, 7),
(90, 46, 8),
(91, 45, 2),
(92, 45, 9),
(103, 50, 7),
(104, 50, 10),
(109, 61, 1),
(110, 61, 10),
(113, 125, 7),
(114, 125, 10),
(115, 126, 1),
(116, 126, 3),
(117, 127, 6),
(118, 127, 9),
(119, 128, 2),
(124, 129, 1),
(125, 129, 3),
(126, 129, 7),
(127, 129, 10),
(128, 40, 5),
(129, 40, 9);

-- --------------------------------------------------------

--
-- Структура таблицы `subscription`
--

CREATE TABLE `subscription` (
  `id` int(11) NOT NULL,
  `email` varchar(100) CHARACTER SET utf8 NOT NULL,
  `date` timestamp NOT NULL DEFAULT CURRENT_TIMESTAMP ON UPDATE CURRENT_TIMESTAMP,
  `categories` varchar(200) CHARACTER SET utf8 NOT NULL
) ENGINE=InnoDB DEFAULT CHARSET=latin1;

--
-- Дамп данных таблицы `subscription`
--

INSERT INTO `subscription` (`id`, `email`, `date`, `categories`) VALUES
(5, 'kostya@mail.com', '2018-02-04 23:28:58', 'Tourism, World, Science and IT'),
(6, 'kostya@mail.com', '2018-02-06 08:38:53', 'Tourism, Science and IT');

-- --------------------------------------------------------

--
-- Структура таблицы `tags`
--

CREATE TABLE `tags` (
  `id` tinyint(3) UNSIGNED NOT NULL,
  `title` varchar(100) NOT NULL
) ENGINE=InnoDB DEFAULT CHARSET=utf8;

--
-- Дамп данных таблицы `tags`
--

INSERT INTO `tags` (`id`, `title`) VALUES
(1, 'events'),
(2, 'people'),
(3, 'cinema'),
(4, 'interview'),
(5, 'important'),
(6, 'funny'),
(7, 'weather'),
(8, 'life'),
(9, 'meeting'),
(10, 'incidents');

-- --------------------------------------------------------

--
-- Структура таблицы `url_rewrite`
--

CREATE TABLE `url_rewrite` (
  `id` int(10) UNSIGNED NOT NULL,
  `alias` varchar(100) NOT NULL,
  `target` varchar(100) NOT NULL
) ENGINE=InnoDB DEFAULT CHARSET=utf8;

-- --------------------------------------------------------

--
-- Структура таблицы `users`
--

CREATE TABLE `users` (
  `id` int(10) UNSIGNED NOT NULL,
  `firstName` varchar(45) NOT NULL,
  `secondName` varchar(45) NOT NULL,
  `email` varchar(100) NOT NULL,
  `role` varchar(45) NOT NULL DEFAULT 'admin',
  `password` char(32) NOT NULL,
  `active` tinyint(1) UNSIGNED DEFAULT '1'
) ENGINE=InnoDB DEFAULT CHARSET=utf8;

--
-- Дамп данных таблицы `users`
--

INSERT INTO `users` (`id`, `firstName`, `secondName`, `email`, `role`, `password`, `active`) VALUES
(1, 'Kostya', 'Komarov', 'admin@mail.com', 'admin', 'df3b59f9fcbad61b9b4f3bdf5d006b3e', 1),
(2, 'Borya', 'Boris', 'bars@mail.com', 'user', 'a6df9d0a7fec253504ffa4fc17391b1e', 1),
(3, 'Vlad', 'Dada', 'vlad@mail.com', 'user', 'a6df9d0a7fec253504ffa4fc17391b1e', 1),
(4, 'Olga', 'Semina', 'olga@mail.com', 'user', 'a6df9d0a7fec253504ffa4fc17391b1e', 1),
(5, 'Petrik', 'Petrov', 'petro@mail.com', 'user', 'a6df9d0a7fec253504ffa4fc17391b1e', 1),
(6, 'Frida', 'Kunevalova', 'frida@mail.com', 'user', 'a6df9d0a7fec253504ffa4fc17391b1e', 1);

-- --------------------------------------------------------

--
-- Структура таблицы `vote`
--

CREATE TABLE `vote` (
  `id` int(10) UNSIGNED NOT NULL,
  `id_comments` int(10) UNSIGNED NOT NULL,
  `id_user` int(10) UNSIGNED NOT NULL,
  `mark` char(4) DEFAULT NULL
) ENGINE=InnoDB DEFAULT CHARSET=latin1;

--
-- Дамп данных таблицы `vote`
--

INSERT INTO `vote` (`id`, `id_comments`, `id_user`, `mark`) VALUES
(190, 113, 1, 'like'),
(191, 115, 1, 'disl'),
(192, 116, 4, 'like'),
(193, 115, 4, 'disl'),
(194, 120, 4, 'like'),
(195, 128, 2, 'like'),
(196, 130, 2, 'like'),
(197, 116, 2, 'like'),
(198, 118, 2, 'disl'),
(199, 131, 2, 'disl'),
(200, 113, 3, 'like'),
(201, 132, 3, 'like'),
(202, 134, 3, 'like'),
(203, 135, 3, 'disl'),
(204, 136, 3, 'like'),
(205, 116, 3, 'like'),
(206, 131, 3, 'disl'),
(207, 116, 1, 'like'),
(208, 131, 1, 'disl'),
(209, 132, 1, 'disl'),
(210, 121, 1, 'like');

--
-- Индексы сохранённых таблиц
--

--
-- Индексы таблицы `ad`
--
ALTER TABLE `ad`
  ADD PRIMARY KEY (`id`);

--
-- Индексы таблицы `answers`
--
ALTER TABLE `answers`
  ADD PRIMARY KEY (`id`),
  ADD KEY `id_comments` (`id_comments`),
  ADD KEY `id_user` (`id_user`);

--
-- Индексы таблицы `category`
--
ALTER TABLE `category`
  ADD PRIMARY KEY (`id`);

--
-- Индексы таблицы `comments`
--
ALTER TABLE `comments`
  ADD PRIMARY KEY (`id`),
  ADD KEY `id_news` (`id_news`),
  ADD KEY `id_user` (`id_user`);

--
-- Индексы таблицы `feedback`
--
ALTER TABLE `feedback`
  ADD PRIMARY KEY (`id`),
  ADD KEY `id_user` (`id_user`);

--
-- Индексы таблицы `news`
--
ALTER TABLE `news`
  ADD PRIMARY KEY (`id`),
  ADD KEY `id_category` (`id_category`);

--
-- Индексы таблицы `news_tag`
--
ALTER TABLE `news_tag`
  ADD PRIMARY KEY (`id`),
  ADD KEY `id_news` (`id_news`),
  ADD KEY `id_tags` (`id_tags`);

--
-- Индексы таблицы `subscription`
--
ALTER TABLE `subscription`
  ADD PRIMARY KEY (`id`);

--
-- Индексы таблицы `tags`
--
ALTER TABLE `tags`
  ADD PRIMARY KEY (`id`);

--
-- Индексы таблицы `url_rewrite`
--
ALTER TABLE `url_rewrite`
  ADD PRIMARY KEY (`id`);

--
-- Индексы таблицы `users`
--
ALTER TABLE `users`
  ADD PRIMARY KEY (`id`);

--
-- Индексы таблицы `vote`
--
ALTER TABLE `vote`
  ADD PRIMARY KEY (`id`),
  ADD KEY `vote_ibfk_1` (`id_comments`),
  ADD KEY `vote_ibfk_2` (`id_user`);

--
-- AUTO_INCREMENT для сохранённых таблиц
--

--
-- AUTO_INCREMENT для таблицы `ad`
--
ALTER TABLE `ad`
  MODIFY `id` int(10) UNSIGNED NOT NULL AUTO_INCREMENT, AUTO_INCREMENT=10;
--
-- AUTO_INCREMENT для таблицы `answers`
--
ALTER TABLE `answers`
  MODIFY `id` int(10) UNSIGNED NOT NULL AUTO_INCREMENT, AUTO_INCREMENT=34;
--
-- AUTO_INCREMENT для таблицы `category`
--
ALTER TABLE `category`
  MODIFY `id` tinyint(3) UNSIGNED NOT NULL AUTO_INCREMENT, AUTO_INCREMENT=12;
--
-- AUTO_INCREMENT для таблицы `comments`
--
ALTER TABLE `comments`
  MODIFY `id` int(10) UNSIGNED NOT NULL AUTO_INCREMENT, AUTO_INCREMENT=142;
--
-- AUTO_INCREMENT для таблицы `feedback`
--
ALTER TABLE `feedback`
  MODIFY `id` tinyint(3) UNSIGNED NOT NULL AUTO_INCREMENT, AUTO_INCREMENT=24;
--
-- AUTO_INCREMENT для таблицы `news`
--
ALTER TABLE `news`
  MODIFY `id` int(10) UNSIGNED NOT NULL AUTO_INCREMENT, AUTO_INCREMENT=130;
--
-- AUTO_INCREMENT для таблицы `news_tag`
--
ALTER TABLE `news_tag`
  MODIFY `id` int(10) UNSIGNED NOT NULL AUTO_INCREMENT, AUTO_INCREMENT=130;
--
-- AUTO_INCREMENT для таблицы `subscription`
--
ALTER TABLE `subscription`
  MODIFY `id` int(11) NOT NULL AUTO_INCREMENT, AUTO_INCREMENT=7;
--
-- AUTO_INCREMENT для таблицы `tags`
--
ALTER TABLE `tags`
  MODIFY `id` tinyint(3) UNSIGNED NOT NULL AUTO_INCREMENT, AUTO_INCREMENT=11;
--
-- AUTO_INCREMENT для таблицы `url_rewrite`
--
ALTER TABLE `url_rewrite`
  MODIFY `id` int(10) UNSIGNED NOT NULL AUTO_INCREMENT;
--
-- AUTO_INCREMENT для таблицы `users`
--
ALTER TABLE `users`
  MODIFY `id` int(10) UNSIGNED NOT NULL AUTO_INCREMENT, AUTO_INCREMENT=7;
--
-- AUTO_INCREMENT для таблицы `vote`
--
ALTER TABLE `vote`
  MODIFY `id` int(10) UNSIGNED NOT NULL AUTO_INCREMENT, AUTO_INCREMENT=211;
--
-- Ограничения внешнего ключа сохраненных таблиц
--

--
-- Ограничения внешнего ключа таблицы `answers`
--
ALTER TABLE `answers`
  ADD CONSTRAINT `answers_ibfk_1` FOREIGN KEY (`id_comments`) REFERENCES `comments` (`id`) ON DELETE CASCADE ON UPDATE CASCADE,
  ADD CONSTRAINT `answers_ibfk_2` FOREIGN KEY (`id_user`) REFERENCES `users` (`id`) ON DELETE CASCADE ON UPDATE CASCADE;

--
-- Ограничения внешнего ключа таблицы `comments`
--
ALTER TABLE `comments`
  ADD CONSTRAINT `comments_ibfk_3` FOREIGN KEY (`id_news`) REFERENCES `news` (`id`),
  ADD CONSTRAINT `comments_ibfk_4` FOREIGN KEY (`id_user`) REFERENCES `users` (`id`);

--
-- Ограничения внешнего ключа таблицы `news`
--
ALTER TABLE `news`
  ADD CONSTRAINT `news_ibfk_1` FOREIGN KEY (`id_category`) REFERENCES `category` (`id`);

--
-- Ограничения внешнего ключа таблицы `news_tag`
--
ALTER TABLE `news_tag`
  ADD CONSTRAINT `news_tag_ibfk_1` FOREIGN KEY (`id_news`) REFERENCES `news` (`id`) ON DELETE CASCADE ON UPDATE CASCADE,
  ADD CONSTRAINT `news_tag_ibfk_2` FOREIGN KEY (`id_tags`) REFERENCES `tags` (`id`) ON DELETE CASCADE ON UPDATE CASCADE;

--
-- Ограничения внешнего ключа таблицы `vote`
--
ALTER TABLE `vote`
  ADD CONSTRAINT `vote_ibfk_1` FOREIGN KEY (`id_comments`) REFERENCES `comments` (`id`),
  ADD CONSTRAINT `vote_ibfk_2` FOREIGN KEY (`id_user`) REFERENCES `users` (`id`);
COMMIT;

/*!40101 SET CHARACTER_SET_CLIENT=@OLD_CHARACTER_SET_CLIENT */;
/*!40101 SET CHARACTER_SET_RESULTS=@OLD_CHARACTER_SET_RESULTS */;
/*!40101 SET COLLATION_CONNECTION=@OLD_COLLATION_CONNECTION */;
